n,r,m
"(:Person {name: 林彪, nodeId: agent_person/8329})","[:同事 {predicate: 会见, source: 陈毅年谱, event: 陈毅陪同毛泽东和林彪接见比斯塔等人（北京市）}]","(:Person {name: 陈毅, nodeId: agent_person/7993})"
"(:Person {name: 陈毅, nodeId: agent_person/7993})","[:同事 {predicate: 会见, source: 陈毅年谱, event: 陈毅陪同毛泽东和林彪接见比斯塔等人（北京市）}]","(:Person {name: 林彪, nodeId: agent_person/8329})"
"(:Person {name: 梅农, nodeId: agent_person/15437})","[:认识 {predicate: 会见, source: 陈毅年谱, event: 印度国防部长梅农拜会陈毅（日内瓦）}]","(:Person {name: 陈毅, nodeId: agent_person/7993})"
"(:Person {name: 陈毅, nodeId: agent_person/7993})","[:认识 {predicate: 会见, source: 陈毅年谱, event: 印度国防部长梅农拜会陈毅（日内瓦）}]","(:Person {name: 梅农, nodeId: agent_person/15437})"
"(:Person {name: 赫鲁晓夫, nodeId: agent_person/15114/edit})","[:认识 {predicate: nan, source: 陈毅年谱, event: 赫鲁晓夫设宴招待陈毅（莫斯科市）}]","(:Person {name: 陈毅, nodeId: agent_person/7993})"
"(:Person {name: 陈毅, nodeId: agent_person/7993})","[:认识 {predicate: nan, source: 陈毅年谱, event: 赫鲁晓夫设宴招待陈毅（莫斯科市）}]","(:Person {name: 赫鲁晓夫, nodeId: agent_person/15114/edit})"
"(:Person {name: 阿尔温·伯纳德·佩雷拉, nodeId: agent_person/15443})","[:认识 {predicate: 会见, source: 陈毅年谱, event: 锡兰新任驻华大使阿尔温·伯纳德·佩雷拉拜会陈毅（北京市）}]","(:Person {name: 陈毅, nodeId: agent_person/7993})"
"(:Person {name: 陈毅, nodeId: agent_person/7993})","[:认识 {predicate: 会见, source: 陈毅年谱, event: 锡兰新任驻华大使阿尔温·伯纳德·佩雷拉拜会陈毅（北京市）}]","(:Person {name: 阿尔温·伯纳德·佩雷拉, nodeId: agent_person/15443})"
"(:Person {name: 张春桥, nodeId: agent_person/15462})","[:同事 {predicate: nan, source: 陈毅年谱, event: 王洪文等人发动“一月风暴”（上海市）}]","(:Person {name: 王洪文, nodeId: agent_person/15463})"
"(:Person {name: 王洪文, nodeId: agent_person/15463})","[:同事 {predicate: nan, source: 陈毅年谱, event: 王洪文等人发动“一月风暴”（上海市）}]","(:Person {name: 张春桥, nodeId: agent_person/15462})"
"(:Person {name: 张春桥, nodeId: agent_person/15462})","[:同事 {predicate: 参加, source: 陈毅年谱, event: 陈毅在中共第九次全国代表大会上受到张春桥等人的围攻（北京市）}]","(:Person {name: 陈毅, nodeId: agent_person/7993})"
"(:Person {name: 陈毅, nodeId: agent_person/7993})","[:同事 {predicate: 参加, source: 陈毅年谱, event: 陈毅在中共第九次全国代表大会上受到张春桥等人的围攻（北京市）}]","(:Person {name: 张春桥, nodeId: agent_person/15462})"
"(:Person {name: 詹姆斯·默塞尔, nodeId: agent_person/15451})","[:认识 {predicate: 会见, source: 陈毅年谱, event: 加纳新任驻华大使詹姆斯·默塞尔拜会陈毅（北京市）}]","(:Person {name: 陈毅, nodeId: agent_person/7993})"
"(:Person {name: 陈毅, nodeId: agent_person/7993})","[:认识 {predicate: 会见, source: 陈毅年谱, event: 加纳新任驻华大使詹姆斯·默塞尔拜会陈毅（北京市）}]","(:Person {name: 詹姆斯·默塞尔, nodeId: agent_person/15451})"
"(:Person {name: 阿杜勒·拉赫曼·兹尼贝尔, nodeId: agent_person/15450})","[:认识 {predicate: 会见, source: 陈毅年谱, event: 摩洛哥首任驻华大使阿杜勒·拉赫曼·兹尼贝尔拜会陈毅（北京市）}]","(:Person {name: 陈毅, nodeId: agent_person/7993})"
"(:Person {name: 陈毅, nodeId: agent_person/7993})","[:认识 {predicate: 会见, source: 陈毅年谱, event: 摩洛哥首任驻华大使阿杜勒·拉赫曼·兹尼贝尔拜会陈毅（北京市）}]","(:Person {name: 阿杜勒·拉赫曼·兹尼贝尔, nodeId: agent_person/15450})"
"(:Person {name: 班禅额尔德尼, nodeId: agent_person/14790})","[:认识 {predicate: 迎接, source: 陈毅年谱, event: 达赖喇嘛、班禅额尔德尼到拉萨西郊迎接陈毅（拉萨市）}]","(:Person {name: 陈毅, nodeId: agent_person/7993})"
"(:Person {name: 陈毅, nodeId: agent_person/7993})","[:认识 {predicate: 迎接, source: 陈毅年谱, event: 达赖喇嘛、班禅额尔德尼到拉萨西郊迎接陈毅（拉萨市）}]","(:Person {name: 班禅额尔德尼, nodeId: agent_person/14790})"
"(:Person {name: 叶剑英, nodeId: agent_person/8256})","[:同事 {predicate: nan, source: 陈毅年谱, event: 叶剑英向陈毅传达毛泽东关于“二月逆流”的指示（北京市）}]","(:Person {name: 陈毅, nodeId: agent_person/7993})"
"(:Person {name: 陈毅, nodeId: agent_person/7993})","[:同事 {predicate: nan, source: 陈毅年谱, event: 叶剑英向陈毅传达毛泽东关于“二月逆流”的指示（北京市）}]","(:Person {name: 叶剑英, nodeId: agent_person/8256})"
"(:Person {name: 陈昊苏, nodeId: agent_person/10566})","[:亲缘 {predicate: nan, source: 陈毅年谱, event: 陈毅长子昊苏出生（盐城市）}]","(:Person {name: 陈毅, nodeId: agent_person/7993})"
"(:Person {name: 陈毅, nodeId: agent_person/7993})","[:亲缘 {predicate: nan, source: 陈毅年谱, event: 陈毅长子昊苏出生（盐城市）}]","(:Person {name: 陈昊苏, nodeId: agent_person/10566})"
"(:Person {name: 雍文谦, nodeId: agent_person/15457})","[:认识 {predicate: 会见, source: 陈毅年谱, event: 越南外交部长雍文谦拜访陈毅（日内瓦）}]","(:Person {name: 陈毅, nodeId: agent_person/7993})"
"(:Person {name: 陈毅, nodeId: agent_person/7993})","[:认识 {predicate: 会见, source: 陈毅年谱, event: 越南外交部长雍文谦拜访陈毅（日内瓦）}]","(:Person {name: 雍文谦, nodeId: agent_person/15457})"
"(:Person {name: 苏加诺, nodeId: agent_person/14785})","[:认识 {predicate: 授予, source: 陈毅年谱, event: 苏加诺授予陈毅二级共和国勋章（雅加达）}]","(:Person {name: 陈毅, nodeId: agent_person/7993})"
"(:Person {name: 陈毅, nodeId: agent_person/7993})","[:认识 {predicate: 授予, source: 陈毅年谱, event: 苏加诺授予陈毅二级共和国勋章（雅加达）}]","(:Person {name: 苏加诺, nodeId: agent_person/14785})"
"(:Person {name: 韩德勤, nodeId: agent_person/1069})","[:敌人 {predicate: nan, source: 网络资源, event: 韩德勤以新四军退出姜堰作为和谈的条件（姜堰区）}]","(:Organization {name: 新四军, nodeId: agent_corporate_entity/2003})"
"(:Organization {name: 新四军, nodeId: agent_corporate_entity/2003})","[:敌人 {predicate: nan, source: 网络资源, event: 韩德勤以新四军退出姜堰作为和谈的条件（姜堰区）}]","(:Person {name: 韩德勤, nodeId: agent_person/1069})"
"(:Person {name: 卞志强, nodeId: agent_person/15746})","[:认识 {predicate: nan, source: 陈毅年谱, event: 周恩来派卞志强医生陪张茜同去医院（北京市）}]","(:Person {name: 张茜, nodeId: agent_person/10569})"
"(:Person {name: 张茜, nodeId: agent_person/10569})","[:认识 {predicate: nan, source: 陈毅年谱, event: 周恩来派卞志强医生陪张茜同去医院（北京市）}]","(:Person {name: 卞志强, nodeId: agent_person/15746})"
"(:Person {name: 徐向前, nodeId: agent_person/8257})","[:同事 {predicate: nan, source: 陈毅年谱, event: 徐向前请中央调整他和陈毅的去向安排（北京市）}]","(:Person {name: 陈毅, nodeId: agent_person/7993})"
"(:Person {name: 陈毅, nodeId: agent_person/7993})","[:同事 {predicate: nan, source: 陈毅年谱, event: 徐向前请中央调整他和陈毅的去向安排（北京市）}]","(:Person {name: 徐向前, nodeId: agent_person/8257})"
"(:Person {name: 格奥尔基·库姆比利耶夫, nodeId: agent_person/15453})","[:认识 {predicate: 会见, source: 陈毅年谱, event: 保加利亚新任驻华大使格奥尔基·库姆比利耶夫拜会陈毅（北京市）}]","(:Person {name: 陈毅, nodeId: agent_person/7993})"
"(:Person {name: 陈毅, nodeId: agent_person/7993})","[:认识 {predicate: 会见, source: 陈毅年谱, event: 保加利亚新任驻华大使格奥尔基·库姆比利耶夫拜会陈毅（北京市）}]","(:Person {name: 格奥尔基·库姆比利耶夫, nodeId: agent_person/15453})"
"(:Person {name: 马亨德拉, nodeId: agent_person/15514})","[:认识 {predicate: 会见, source: 陈毅年谱, event: 尼泊尔国王马亨德拉接见陈毅（加德满都市）}]","(:Person {name: 陈毅, nodeId: agent_person/7993})"
"(:Person {name: 陈毅, nodeId: agent_person/7993})","[:认识 {predicate: 会见, source: 陈毅年谱, event: 尼泊尔国王马亨德拉接见陈毅（加德满都市）}]","(:Person {name: 马亨德拉, nodeId: agent_person/15514})"
"(:Person {name: 韩德勤, nodeId: agent_person/10697})","[:敌人 {predicate: nan, source: 网络资源, event: 韩德勤以新四军退出姜堰作为和谈的条件（姜堰区）}]","(:Organization {name: 新四军, nodeId: agent_corporate_entity/2003})"
"(:Organization {name: 新四军, nodeId: agent_corporate_entity/2003})","[:敌人 {predicate: nan, source: 网络资源, event: 韩德勤以新四军退出姜堰作为和谈的条件（姜堰区）}]","(:Person {name: 韩德勤, nodeId: agent_person/10697})"
"(:Person {name: 朗诺, nodeId: agent_person/14791})","[:认识 {predicate: nan, source: 陈毅年谱, event: 朗诺将军陪同陈毅与周恩来从磅湛到暹粒（暹粒）}]","(:Person {name: 陈毅, nodeId: agent_person/7993})"
"(:Person {name: 陈毅, nodeId: agent_person/7993})","[:认识 {predicate: nan, source: 陈毅年谱, event: 朗诺将军陪同陈毅与周恩来从磅湛到暹粒（暹粒）}]","(:Person {name: 朗诺, nodeId: agent_person/14791})"
"(:Person {name: 金日成, nodeId: agent_person/14798/})","[:认识 {predicate: nan, source: 陈毅年谱, event: 金日成在机场欢迎周恩来、陈毅（平壤市）}]","(:Person {name: 陈毅, nodeId: agent_person/7993})"
"(:Person {name: 陈毅, nodeId: agent_person/7993})","[:认识 {predicate: nan, source: 陈毅年谱, event: 金日成在机场欢迎周恩来、陈毅（平壤市）}]","(:Person {name: 金日成, nodeId: agent_person/14798/})"
"(:Person {name: 金日成, nodeId: agent_person/14798/})","[:认识 {predicate: nan, source: 陈毅年谱, event: 金日成在机场欢迎周恩来、陈毅（平壤市）}]","(:Person {name: 周恩来, nodeId: agent_person/7993})"
"(:Person {name: 周恩来, nodeId: agent_person/7993})","[:认识 {predicate: nan, source: 陈毅年谱, event: 金日成在机场欢迎周恩来、陈毅（平壤市）}]","(:Person {name: 金日成, nodeId: agent_person/14798/})"
"(:Person {name: 金日成, nodeId: agent_person/14798/})","[:认识 {predicate: nan, source: 陈毅年谱, event: 金日成在机场欢迎周恩来、陈毅（平壤市）}]","(:Person {name: 周恩来, nodeId: agent_person/8216})"
"(:Person {name: 周恩来, nodeId: agent_person/8216})","[:认识 {predicate: nan, source: 陈毅年谱, event: 金日成在机场欢迎周恩来、陈毅（平壤市）}]","(:Person {name: 金日成, nodeId: agent_person/14798/})"
"(:Person {name: 毛泽东, nodeId: agent_person/8176})","[:同事 {predicate: 参加, source: 陈毅年谱, event: 毛泽东参加陈毅追悼会（北京市）}]","(:Person {name: 陈毅, nodeId: agent_person/7993})"
"(:Person {name: 陈毅, nodeId: agent_person/7993})","[:同事 {predicate: 参加, source: 陈毅年谱, event: 毛泽东参加陈毅追悼会（北京市）}]","(:Person {name: 毛泽东, nodeId: agent_person/8176})"
"(:Person {name: 毛泽东, nodeId: agent_person/8176})","[:同事 {predicate: 召开, source: 陈毅年谱, event: 毛泽东深夜召集周恩来等人开会（北京市）}]","(:Person {name: 周恩来, nodeId: agent_person/7993})"
"(:Person {name: 周恩来, nodeId: agent_person/7993})","[:同事 {predicate: 召开, source: 陈毅年谱, event: 毛泽东深夜召集周恩来等人开会（北京市）}]","(:Person {name: 毛泽东, nodeId: agent_person/8176})"
"(:Person {name: 毛泽东, nodeId: agent_person/8176})","[:同事 {predicate: 指示, source: 陈毅年谱, event: 毛泽东与朱德联名发布《向全国进军的命令》（北京市）}]","(:Person {name: 朱德, nodeId: agent_person/8240})"
"(:Person {name: 朱德, nodeId: agent_person/8240})","[:同事 {predicate: 指示, source: 陈毅年谱, event: 毛泽东与朱德联名发布《向全国进军的命令》（北京市）}]","(:Person {name: 毛泽东, nodeId: agent_person/8176})"
"(:Person {name: 毛泽东, nodeId: agent_person/8176})","[:同事 {predicate: 召开, source: 陈毅年谱, event: 毛泽东深夜召集周恩来等人开会（北京市）}]","(:Person {name: 周恩来, nodeId: agent_person/8216})"
"(:Person {name: 周恩来, nodeId: agent_person/8216})","[:同事 {predicate: 召开, source: 陈毅年谱, event: 毛泽东深夜召集周恩来等人开会（北京市）}]","(:Person {name: 毛泽东, nodeId: agent_person/8176})"
"(:Person {name: 毛泽东, nodeId: agent_person/8176})","[:认识 {predicate: 会见, source: 网络资源, event: 陈毅参加毛泽东与赫鲁晓夫的会谈（北京市）}]","(:Person {name: 赫鲁晓夫, nodeId: agent_person/15114/edit})"
"(:Person {name: 赫鲁晓夫, nodeId: agent_person/15114/edit})","[:认识 {predicate: 会见, source: 网络资源, event: 陈毅参加毛泽东与赫鲁晓夫的会谈（北京市）}]","(:Person {name: 毛泽东, nodeId: agent_person/8176})"
"(:Person {name: 毛泽东, nodeId: agent_person/8176})","[:认识 {predicate: 指示, source: 陈毅年谱, event: 毛泽东指示以陈毅“问题”围攻周恩来的做法是错误的（北京市）}]","(:Person {name: 陈毅, nodeId: agent_person/7993})"
"(:Person {name: 陈毅, nodeId: agent_person/7993})","[:认识 {predicate: 指示, source: 陈毅年谱, event: 毛泽东指示以陈毅“问题”围攻周恩来的做法是错误的（北京市）}]","(:Person {name: 毛泽东, nodeId: agent_person/8176})"
"(:Person {name: 毛泽东, nodeId: agent_person/8176})","[:认识 {predicate: 会见, source: 网络资源, event: 周恩来、陈毅陪同毛泽东接见富尔夫妇（北京市）}]","(:Person {name: 德加·富尔, nodeId: agent_person/15755})"
"(:Person {name: 德加·富尔, nodeId: agent_person/15755})","[:认识 {predicate: 会见, source: 网络资源, event: 周恩来、陈毅陪同毛泽东接见富尔夫妇（北京市）}]","(:Person {name: 毛泽东, nodeId: agent_person/8176})"
"(:Person {name: 毛泽东, nodeId: agent_person/8176})","[:认识 {predicate: 会见, source: 陈毅年谱, event: 毛泽东在陈毅追悼会上接见张茜（北京市）}]","(:Person {name: 张茜, nodeId: agent_person/10569})"
"(:Person {name: 张茜, nodeId: agent_person/10569})","[:认识 {predicate: 会见, source: 陈毅年谱, event: 毛泽东在陈毅追悼会上接见张茜（北京市）}]","(:Person {name: 毛泽东, nodeId: agent_person/8176})"
"(:Person {name: 毛泽东, nodeId: agent_person/8176})","[:认识 {predicate: 会见, source: 陈毅年谱, event: 陈毅参加毛泽东与索马里共和国总统欧斯曼的会谈（北京市）}]","(:Person {name: 欧斯曼, nodeId: agent_person/15506})"
"(:Person {name: 欧斯曼, nodeId: agent_person/15506})","[:认识 {predicate: 会见, source: 陈毅年谱, event: 陈毅参加毛泽东与索马里共和国总统欧斯曼的会谈（北京市）}]","(:Person {name: 毛泽东, nodeId: agent_person/8176})"
"(:Person {name: 毛泽东, nodeId: agent_person/8176})","[:认识 {predicate: 会见, source: 网络资源, event: 陈毅参加毛泽东与赫鲁晓夫的会谈（北京市）}]","(:Person {name: 赫鲁晓夫, nodeId: agent_person/15114})"
"(:Person {name: 赫鲁晓夫, nodeId: agent_person/15114})","[:认识 {predicate: 会见, source: 网络资源, event: 陈毅参加毛泽东与赫鲁晓夫的会谈（北京市）}]","(:Person {name: 毛泽东, nodeId: agent_person/8176})"
"(:Person {name: 江青, nodeId: agent_person/8508})","[:认识 {predicate: nan, source: 陈毅年谱, event: 江青污蔑陈小鲁（北京市）}]","(:Person {name: 陈小鲁, nodeId: agent_person/15478})"
"(:Person {name: 陈小鲁, nodeId: agent_person/15478})","[:认识 {predicate: nan, source: 陈毅年谱, event: 江青污蔑陈小鲁（北京市）}]","(:Person {name: 江青, nodeId: agent_person/8508})"
"(:Person {name: 陈毅, nodeId: agent_person/7993})","[:亲缘 {predicate: 联系, source: 陈毅年谱, event: 陈毅致信陈昊苏（北京市）}]","(:Person {name: 陈昊苏, nodeId: agent_person/10566})"
"(:Person {name: 陈昊苏, nodeId: agent_person/10566})","[:亲缘 {predicate: 联系, source: 陈毅年谱, event: 陈毅致信陈昊苏（北京市）}]","(:Person {name: 陈毅, nodeId: agent_person/7993})"
"(:Person {name: 陈毅, nodeId: agent_person/7993})","[:亲缘 {predicate: 毕业, source: 陈毅传, event: 陈毅和陈孟熙从留法预备学校毕业（成都市）}]","(:Person {name: 陈孟熙, nodeId: agent_person/8863})"
"(:Person {name: 陈孟熙, nodeId: agent_person/8863})","[:亲缘 {predicate: 毕业, source: 陈毅传, event: 陈毅和陈孟熙从留法预备学校毕业（成都市）}]","(:Person {name: 陈毅, nodeId: agent_person/7993})"
"(:Person {name: 陈毅, nodeId: agent_person/7993})","[:亲缘 {predicate: 联系, source: 陈毅年谱, event: 陈毅致信陈丹淮（北京市）}]","(:Person {name: 陈丹淮, nodeId: agent_person/8834})"
"(:Person {name: 陈丹淮, nodeId: agent_person/8834})","[:亲缘 {predicate: 联系, source: 陈毅年谱, event: 陈毅致信陈丹淮（北京市）}]","(:Person {name: 陈毅, nodeId: agent_person/7993})"
"(:Person {name: 陈毅, nodeId: agent_person/7993})","[:朋友 {predicate: 迎接, source: 陈毅年谱, event: 陈毅欢迎上海文化人士阿英（盐城市）}]","(:Person {name: 阿英, nodeId: agent_person/15063})"
"(:Person {name: 阿英, nodeId: agent_person/15063})","[:朋友 {predicate: 迎接, source: 陈毅年谱, event: 陈毅欢迎上海文化人士阿英（盐城市）}]","(:Person {name: 陈毅, nodeId: agent_person/7993})"
"(:Person {name: 陈毅, nodeId: agent_person/7993})","[:夫妻 {predicate: nan, source: 陈毅年谱, event: 陈毅与赖月明分别（黄麟乡）}]","(:Person {name: 赖月明, nodeId: agent_person/10245})"
"(:Person {name: 赖月明, nodeId: agent_person/10245})","[:夫妻 {predicate: nan, source: 陈毅年谱, event: 陈毅与赖月明分别（黄麟乡）}]","(:Person {name: 陈毅, nodeId: agent_person/7993})"
"(:Person {name: 陈毅, nodeId: agent_person/7993})","[:夫妻 {predicate: nan, source: 陈毅年谱, event: 陈毅与萧菊英结婚（泰和县）}]","(:Person {name: 萧菊英, nodeId: agent_person/10238})"
"(:Person {name: 萧菊英, nodeId: agent_person/10238})","[:夫妻 {predicate: nan, source: 陈毅年谱, event: 陈毅与萧菊英结婚（泰和县）}]","(:Person {name: 陈毅, nodeId: agent_person/7993})"
"(:Person {name: 陈毅, nodeId: agent_person/7993})","[:夫妻 {predicate: nan, source: 陈毅年谱, event: 陈毅与张茜结婚（竹箦镇）}]","(:Person {name: 张茜, nodeId: agent_person/10569})"
"(:Person {name: 张茜, nodeId: agent_person/10569})","[:夫妻 {predicate: nan, source: 陈毅年谱, event: 陈毅与张茜结婚（竹箦镇）}]","(:Person {name: 陈毅, nodeId: agent_person/7993})"
"(:Person {name: 陈毅, nodeId: agent_person/7993})","[:受影响 {predicate: 参加, source: 陈毅年谱, event: 陈毅参加列宁逝世两周年纪念大会（北京市）}]","(:Person {name: 列宁, nodeId: agent_person/15087})"
"(:Person {name: 列宁, nodeId: agent_person/15087})","[:受影响 {predicate: 参加, source: 陈毅年谱, event: 陈毅参加列宁逝世两周年纪念大会（北京市）}]","(:Person {name: 陈毅, nodeId: agent_person/7993})"
"(:Person {name: 陈毅, nodeId: agent_person/7993})","[:敌人 {predicate: 指挥, source: 陈毅年谱, event: 陈毅和粟裕领导新四军击退国民党韩德勤部对黄桥的首次攻击（黄桥镇）}]","(:Person {name: 韩德勤, nodeId: agent_person/1069})"
"(:Person {name: 韩德勤, nodeId: agent_person/1069})","[:敌人 {predicate: 指挥, source: 陈毅年谱, event: 陈毅和粟裕领导新四军击退国民党韩德勤部对黄桥的首次攻击（黄桥镇）}]","(:Person {name: 陈毅, nodeId: agent_person/7993})"
"(:Person {name: 陈毅, nodeId: agent_person/7993})","[:敌人 {predicate: 指挥, source: 陈毅年谱, event: 陈毅和粟裕领导新四军击退国民党韩德勤部对黄桥的首次攻击（黄桥镇）}]","(:Person {name: 韩德勤, nodeId: agent_person/10697})"
"(:Person {name: 韩德勤, nodeId: agent_person/10697})","[:敌人 {predicate: 指挥, source: 陈毅年谱, event: 陈毅和粟裕领导新四军击退国民党韩德勤部对黄桥的首次攻击（黄桥镇）}]","(:Person {name: 陈毅, nodeId: agent_person/7993})"
"(:Person {name: 陈毅, nodeId: agent_person/7993})","[:敌人 {predicate: nan, source: 网络资源, event: 陈毅宣布李明扬、李长江部接替新四军进驻姜堰（姜堰区）}]","(:Person {name: 李长江, nodeId: agent_person/10696})"
"(:Person {name: 李长江, nodeId: agent_person/10696})","[:敌人 {predicate: nan, source: 网络资源, event: 陈毅宣布李明扬、李长江部接替新四军进驻姜堰（姜堰区）}]","(:Person {name: 陈毅, nodeId: agent_person/7993})"
"(:Person {name: 陈毅, nodeId: agent_person/7993})","[:敌人 {predicate: nan, source: 网络资源, event: 陈毅宣布李明扬、李长江部接替新四军进驻姜堰（姜堰区）}]","(:Person {name: 李明扬, nodeId: agent_person/14750})"
"(:Person {name: 李明扬, nodeId: agent_person/14750})","[:敌人 {predicate: nan, source: 网络资源, event: 陈毅宣布李明扬、李长江部接替新四军进驻姜堰（姜堰区）}]","(:Person {name: 陈毅, nodeId: agent_person/7993})"
"(:Person {name: 陈毅, nodeId: agent_person/7993})","[:敌人 {predicate: nan, source: 网络资源, event: 陈毅送给陈泰运100多条好枪（姜堰区）}]","(:Person {name: 陈泰运, nodeId: agent_person/15750})"
"(:Person {name: 陈泰运, nodeId: agent_person/15750})","[:敌人 {predicate: nan, source: 网络资源, event: 陈毅送给陈泰运100多条好枪（姜堰区）}]","(:Person {name: 陈毅, nodeId: agent_person/7993})"
"(:Person {name: 陈毅, nodeId: agent_person/7993})","[:同事 {predicate: 参加, source: 陈毅年谱, event: 陈毅与谭震林对上海“三反”运动作指示（上海市）}]","(:Person {name: 谭震林, nodeId: agent_person/8325})"
"(:Person {name: 谭震林, nodeId: agent_person/8325})","[:同事 {predicate: 参加, source: 陈毅年谱, event: 陈毅与谭震林对上海“三反”运动作指示（上海市）}]","(:Person {name: 陈毅, nodeId: agent_person/7993})"
"(:Person {name: 陈毅, nodeId: agent_person/7993})","[:同事 {predicate: nan, source: 网络资源, event: 陈毅与邓小平、滕代远等人会合（麻田镇）}]","(:Person {name: 滕代远, nodeId: agent_person/8463})"
"(:Person {name: 滕代远, nodeId: agent_person/8463})","[:同事 {predicate: nan, source: 网络资源, event: 陈毅与邓小平、滕代远等人会合（麻田镇）}]","(:Person {name: 陈毅, nodeId: agent_person/7993})"
"(:Person {name: 陈毅, nodeId: agent_person/7993})","[:同事 {predicate: 会见, source: 陈毅年谱, event: 陈毅接见罗生特（盐城市）}]","(:Person {name: 罗生特, nodeId: agent_person/10676})"
"(:Person {name: 罗生特, nodeId: agent_person/10676})","[:同事 {predicate: 会见, source: 陈毅年谱, event: 陈毅接见罗生特（盐城市）}]","(:Person {name: 陈毅, nodeId: agent_person/7993})"
"(:Person {name: 陈毅, nodeId: agent_person/7993})","[:同事 {predicate: nan, source: 陈毅年谱, event: 陈毅将代表团交由章汉夫及乔冠华处理（日内瓦）}]","(:Person {name: 章汉夫, nodeId: agent_person/15440})"
"(:Person {name: 章汉夫, nodeId: agent_person/15440})","[:同事 {predicate: nan, source: 陈毅年谱, event: 陈毅将代表团交由章汉夫及乔冠华处理（日内瓦）}]","(:Person {name: 陈毅, nodeId: agent_person/7993})"
"(:Person {name: 陈毅, nodeId: agent_person/7993})","[:同事 {predicate: nan, source: 网络资源, event: 陈毅在曾昌明和叶彬的护送下赴延安参加中共七大（江苏省）}]","(:Person {name: 曾昌明, nodeId: agent_person/15747})"
"(:Person {name: 曾昌明, nodeId: agent_person/15747})","[:同事 {predicate: nan, source: 网络资源, event: 陈毅在曾昌明和叶彬的护送下赴延安参加中共七大（江苏省）}]","(:Person {name: 陈毅, nodeId: agent_person/7993})"
"(:Person {name: 陈毅, nodeId: agent_person/7993})","[:同事 {predicate: 参加, source: 网络资源, event: 陈毅与周恩来、赵世炎等开展反对北洋政府秘密借款的运动（巴黎）}]","(:Person {name: 赵世炎, nodeId: agent_person/10801})"
"(:Person {name: 赵世炎, nodeId: agent_person/10801})","[:同事 {predicate: 参加, source: 网络资源, event: 陈毅与周恩来、赵世炎等开展反对北洋政府秘密借款的运动（巴黎）}]","(:Person {name: 陈毅, nodeId: agent_person/7993})"
"(:Person {name: 陈毅, nodeId: agent_person/7993})","[:同事 {predicate: 参加, source: 陈毅年谱, event: 张茜邀请聂荣臻夫妇参加陈毅70寿辰（北戴河区）}]","(:Person {name: 聂荣臻, nodeId: agent_person/8166})"
"(:Person {name: 聂荣臻, nodeId: agent_person/8166})","[:同事 {predicate: 参加, source: 陈毅年谱, event: 张茜邀请聂荣臻夫妇参加陈毅70寿辰（北戴河区）}]","(:Person {name: 陈毅, nodeId: agent_person/7993})"
"(:Person {name: 陈毅, nodeId: agent_person/7993})","[:同事 {predicate: nan, source: 网络资源, event: 陈毅与黄克诚会面（盐城市）}]","(:Person {name: 黄克诚, nodeId: agent_person/8484})"
"(:Person {name: 黄克诚, nodeId: agent_person/8484})","[:同事 {predicate: nan, source: 网络资源, event: 陈毅与黄克诚会面（盐城市）}]","(:Person {name: 陈毅, nodeId: agent_person/7993})"
"(:Person {name: 陈毅, nodeId: agent_person/7993})","[:同事 {predicate: 参加, source: 陈毅年谱, event: 陈毅、谭震林、徐向前被要求“请假检讨”（北京市）}]","(:Person {name: 徐向前, nodeId: agent_person/8257})"
"(:Person {name: 徐向前, nodeId: agent_person/8257})","[:同事 {predicate: 参加, source: 陈毅年谱, event: 陈毅、谭震林、徐向前被要求“请假检讨”（北京市）}]","(:Person {name: 陈毅, nodeId: agent_person/7993})"
"(:Person {name: 陈毅, nodeId: agent_person/7993})","[:同事 {predicate: nan, source: 日记摘抄, event: 陈毅让张国华调停与藏员关于群众大会的争论（拉萨市）}]","(:Person {name: 张国华, nodeId: agent_person/15053})"
"(:Person {name: 张国华, nodeId: agent_person/15053})","[:同事 {predicate: nan, source: 日记摘抄, event: 陈毅让张国华调停与藏员关于群众大会的争论（拉萨市）}]","(:Person {name: 陈毅, nodeId: agent_person/7993})"
"(:Person {name: 陈毅, nodeId: agent_person/7993})","[:同事 {predicate: nan, source: 陈毅年谱, event: 陈毅与罗荣桓、邓子恢联名向中央提出《关于开发海南岛的意见》（北京市）}]","(:Person {name: 罗荣桓, nodeId: agent_person/8171})"
"(:Person {name: 罗荣桓, nodeId: agent_person/8171})","[:同事 {predicate: nan, source: 陈毅年谱, event: 陈毅与罗荣桓、邓子恢联名向中央提出《关于开发海南岛的意见》（北京市）}]","(:Person {name: 陈毅, nodeId: agent_person/7993})"
"(:Person {name: 陈毅, nodeId: agent_person/7993})","[:同事 {predicate: nan, source: 陈毅年谱, event: 陈毅与罗荣桓、邓子恢联名向中央提出《关于开发海南岛的意见》（北京市）}]","(:Person {name: 邓子恢, nodeId: agent_person/8377})"
"(:Person {name: 邓子恢, nodeId: agent_person/8377})","[:同事 {predicate: nan, source: 陈毅年谱, event: 陈毅与罗荣桓、邓子恢联名向中央提出《关于开发海南岛的意见》（北京市）}]","(:Person {name: 陈毅, nodeId: agent_person/7993})"
"(:Person {name: 陈毅, nodeId: agent_person/7993})","[:同事 {predicate: 会见, source: 陈毅年谱, event: 陈毅和李先念接见巴基斯坦政府经济代表团（北京市）}]","(:Person {name: 李先念, nodeId: agent_person/8328})"
"(:Person {name: 李先念, nodeId: agent_person/8328})","[:同事 {predicate: 会见, source: 陈毅年谱, event: 陈毅和李先念接见巴基斯坦政府经济代表团（北京市）}]","(:Person {name: 陈毅, nodeId: agent_person/7993})"
"(:Person {name: 陈毅, nodeId: agent_person/7993})","[:同事 {predicate: 联系, source: 陈毅年谱, event: 朱德派陈毅赴蛟洋请毛泽东复职（松源镇）}]","(:Person {name: 毛泽东, nodeId: agent_person/8176})"
"(:Person {name: 毛泽东, nodeId: agent_person/8176})","[:同事 {predicate: 联系, source: 陈毅年谱, event: 朱德派陈毅赴蛟洋请毛泽东复职（松源镇）}]","(:Person {name: 陈毅, nodeId: agent_person/7993})"
"(:Person {name: 陈毅, nodeId: agent_person/7993})","[:同事 {predicate: 参加, source: 陈毅年谱, event: 陈毅参加7次“政治局生活会”（北京市）}]","(:Person {name: 江青, nodeId: agent_person/8508})"
"(:Person {name: 江青, nodeId: agent_person/8508})","[:同事 {predicate: 参加, source: 陈毅年谱, event: 陈毅参加7次“政治局生活会”（北京市）}]","(:Person {name: 陈毅, nodeId: agent_person/7993})"
"(:Person {name: 陈毅, nodeId: agent_person/7993})","[:同事 {predicate: 指挥, source: 陈毅年谱, event: 郑州战役}]","(:Person {name: 邓小平, nodeId: agent_person/8331})"
"(:Person {name: 邓小平, nodeId: agent_person/8331})","[:同事 {predicate: 指挥, source: 陈毅年谱, event: 郑州战役}]","(:Person {name: 陈毅, nodeId: agent_person/7993})"
"(:Person {name: 陈毅, nodeId: agent_person/7993})","[:同事 {predicate: nan, source: 陈毅年谱, event: 陈毅与潘汉年拜会宋庆龄（上海市）}]","(:Person {name: 潘汉年, nodeId: agent_person/15085})"
"(:Person {name: 潘汉年, nodeId: agent_person/15085})","[:同事 {predicate: nan, source: 陈毅年谱, event: 陈毅与潘汉年拜会宋庆龄（上海市）}]","(:Person {name: 陈毅, nodeId: agent_person/7993})"
"(:Person {name: 陈毅, nodeId: agent_person/7993})","[:同事 {predicate: 参加, source: 陈毅年谱, event: 陈毅参加周恩来与老挝首相梭发那・富马亲王的会谈（北京市）}]","(:Person {name: 周恩来, nodeId: agent_person/7993})"
"(:Person {name: 周恩来, nodeId: agent_person/7993})","[:同事 {predicate: 参加, source: 陈毅年谱, event: 陈毅参加周恩来与老挝首相梭发那・富马亲王的会谈（北京市）}]","(:Person {name: 陈毅, nodeId: agent_person/7993})"
"(:Person {name: 陈毅, nodeId: agent_person/7993})","[:同事 {predicate: 指挥, source: 陈毅年谱, event: 陈毅和黎玉负责津浦前线指挥部（邹城市）}]","(:Person {name: 黎玉, nodeId: agent_person/15088})"
"(:Person {name: 黎玉, nodeId: agent_person/15088})","[:同事 {predicate: 指挥, source: 陈毅年谱, event: 陈毅和黎玉负责津浦前线指挥部（邹城市）}]","(:Person {name: 陈毅, nodeId: agent_person/7993})"
"(:Person {name: 陈毅, nodeId: agent_person/7993})","[:同事 {predicate: 联系, source: 陈毅年谱, event: 陈毅与同僚联名致电蒋介石（盐城市）}]","(:Person {name: 蒋介石, nodeId: agent_person/8225})"
"(:Person {name: 蒋介石, nodeId: agent_person/8225})","[:同事 {predicate: 联系, source: 陈毅年谱, event: 陈毅与同僚联名致电蒋介石（盐城市）}]","(:Person {name: 陈毅, nodeId: agent_person/7993})"
"(:Person {name: 陈毅, nodeId: agent_person/7993})","[:同事 {predicate: nan, source: 陈毅年谱, event: 陈毅随刘少奇前往苏联（北京市）}]","(:Person {name: 刘少奇, nodeId: agent_person/8169})"
"(:Person {name: 刘少奇, nodeId: agent_person/8169})","[:同事 {predicate: nan, source: 陈毅年谱, event: 陈毅随刘少奇前往苏联（北京市）}]","(:Person {name: 陈毅, nodeId: agent_person/7993})"
"(:Person {name: 陈毅, nodeId: agent_person/7993})","[:同事 {predicate: nan, source: 陈毅年谱, event: 陈毅、项英决定成立赣粤边特委（宽田乡）}]","(:Person {name: 项英, nodeId: agent_person/8173})"
"(:Person {name: 项英, nodeId: agent_person/8173})","[:同事 {predicate: nan, source: 陈毅年谱, event: 陈毅、项英决定成立赣粤边特委（宽田乡）}]","(:Person {name: 陈毅, nodeId: agent_person/7993})"
"(:Person {name: 陈毅, nodeId: agent_person/7993})","[:同事 {predicate: nan, source: 陈毅年谱, event: 陈毅让李一氓组织外办工作人员“夺权”以免外事大权旁落（北京市）}]","(:Person {name: 李一氓, nodeId: agent_person/8220})"
"(:Person {name: 李一氓, nodeId: agent_person/8220})","[:同事 {predicate: nan, source: 陈毅年谱, event: 陈毅让李一氓组织外办工作人员“夺权”以免外事大权旁落（北京市）}]","(:Person {name: 陈毅, nodeId: agent_person/7993})"
"(:Person {name: 陈毅, nodeId: agent_person/7993})","[:同事 {predicate: 会见, source: 网络资源, event: 陈毅、贺龙接见北京的围棋、象棋、国际象棋棋手（北京市）}]","(:Person {name: 贺龙, nodeId: agent_person/8478})"
"(:Person {name: 贺龙, nodeId: agent_person/8478})","[:同事 {predicate: 会见, source: 网络资源, event: 陈毅、贺龙接见北京的围棋、象棋、国际象棋棋手（北京市）}]","(:Person {name: 陈毅, nodeId: agent_person/7993})"
"(:Person {name: 陈毅, nodeId: agent_person/7993})","[:同事 {predicate: nan, source: 陈毅年谱, event: 陈毅与叶挺等联名发表声讨汪精卫的通电}]","(:Person {name: 叶挺, nodeId: agent_person/8217})"
"(:Person {name: 叶挺, nodeId: agent_person/8217})","[:同事 {predicate: nan, source: 陈毅年谱, event: 陈毅与叶挺等联名发表声讨汪精卫的通电}]","(:Person {name: 陈毅, nodeId: agent_person/7993})"
"(:Person {name: 陈毅, nodeId: agent_person/7993})","[:同事 {predicate: 指示, source: 陈毅年谱, event: 陈毅和粟裕等下达《对于创建黄桥大根据地的指示》}]","(:Person {name: 粟裕, nodeId: agent_person/8214})"
"(:Person {name: 粟裕, nodeId: agent_person/8214})","[:同事 {predicate: 指示, source: 陈毅年谱, event: 陈毅和粟裕等下达《对于创建黄桥大根据地的指示》}]","(:Person {name: 陈毅, nodeId: agent_person/7993})"
"(:Person {name: 陈毅, nodeId: agent_person/7993})","[:同事 {predicate: 参加, source: 陈毅年谱, event: 陈毅参加周恩来与老挝首相梭发那・富马亲王的会谈（北京市）}]","(:Person {name: 周恩来, nodeId: agent_person/8216})"
"(:Person {name: 周恩来, nodeId: agent_person/8216})","[:同事 {predicate: 参加, source: 陈毅年谱, event: 陈毅参加周恩来与老挝首相梭发那・富马亲王的会谈（北京市）}]","(:Person {name: 陈毅, nodeId: agent_person/7993})"
"(:Person {name: 陈毅, nodeId: agent_person/7993})","[:同事 {predicate: nan, source: 网络资源, event: 蔡和森和陈毅等人由“宝勒加号”邮轮遣返回国}]","(:Person {name: 蔡和森, nodeId: agent_person/8849})"
"(:Person {name: 蔡和森, nodeId: agent_person/8849})","[:同事 {predicate: nan, source: 网络资源, event: 蔡和森和陈毅等人由“宝勒加号”邮轮遣返回国}]","(:Person {name: 陈毅, nodeId: agent_person/7993})"
"(:Person {name: 陈毅, nodeId: agent_person/7993})","[:同事 {predicate: 汇报, source: 陈毅传, event: 陈毅向李立三汇报（上海市）}]","(:Person {name: 李立三, nodeId: agent_person/8229})"
"(:Person {name: 李立三, nodeId: agent_person/8229})","[:同事 {predicate: 汇报, source: 陈毅传, event: 陈毅向李立三汇报（上海市）}]","(:Person {name: 陈毅, nodeId: agent_person/7993})"
"(:Person {name: 陈毅, nodeId: agent_person/7993})","[:同事 {predicate: nan, source: 陈毅年谱, event: 陈毅、饶漱石被派到山东工作（延安市）}]","(:Person {name: 饶漱石, nodeId: agent_person/8352})"
"(:Person {name: 饶漱石, nodeId: agent_person/8352})","[:同事 {predicate: nan, source: 陈毅年谱, event: 陈毅、饶漱石被派到山东工作（延安市）}]","(:Person {name: 陈毅, nodeId: agent_person/7993})"
"(:Person {name: 陈毅, nodeId: agent_person/7993})","[:同事 {predicate: nan, source: 陈毅年谱, event: 陈毅初识张茜（泾县云岭）}]","(:Person {name: 张茜, nodeId: agent_person/10569})"
"(:Person {name: 张茜, nodeId: agent_person/10569})","[:同事 {predicate: nan, source: 陈毅年谱, event: 陈毅初识张茜（泾县云岭）}]","(:Person {name: 陈毅, nodeId: agent_person/7993})"
"(:Person {name: 陈毅, nodeId: agent_person/7993})","[:同事 {predicate: 指挥, source: 陈毅年谱, event: 陈毅与刘伯承、邓小平率部歼灭黄维兵团（徐州市）}]","(:Person {name: 刘伯承, nodeId: agent_person/8380})"
"(:Person {name: 刘伯承, nodeId: agent_person/8380})","[:同事 {predicate: 指挥, source: 陈毅年谱, event: 陈毅与刘伯承、邓小平率部歼灭黄维兵团（徐州市）}]","(:Person {name: 陈毅, nodeId: agent_person/7993})"
"(:Person {name: 陈毅, nodeId: agent_person/7993})","[:同事 {predicate: nan, source: 网络资源, event: 陈毅在曾昌明和叶彬的护送下赴延安参加中共七大（江苏省）}]","(:Person {name: 叶彬, nodeId: agent_person/15748})"
"(:Person {name: 叶彬, nodeId: agent_person/15748})","[:同事 {predicate: nan, source: 网络资源, event: 陈毅在曾昌明和叶彬的护送下赴延安参加中共七大（江苏省）}]","(:Person {name: 陈毅, nodeId: agent_person/7993})"
"(:Person {name: 陈毅, nodeId: agent_person/7993})","[:同事 {predicate: nan, source: 陈毅年谱, event: 陈毅将代表团交由章汉夫及乔冠华处理（日内瓦）}]","(:Person {name: 乔冠华, nodeId: agent_person/15441})"
"(:Person {name: 乔冠华, nodeId: agent_person/15441})","[:同事 {predicate: nan, source: 陈毅年谱, event: 陈毅将代表团交由章汉夫及乔冠华处理（日内瓦）}]","(:Person {name: 陈毅, nodeId: agent_person/7993})"
"(:Person {name: 陈毅, nodeId: agent_person/7993})","[:认识 {predicate: 会见, source: 网络资源, event: 陈毅会见日本代表团团长高碕达之助（万隆市）}]","(:Person {name: 高碕达之助, nodeId: agent_person/15753})"
"(:Person {name: 高碕达之助, nodeId: agent_person/15753})","[:认识 {predicate: 会见, source: 网络资源, event: 陈毅会见日本代表团团长高碕达之助（万隆市）}]","(:Person {name: 陈毅, nodeId: agent_person/7993})"
"(:Person {name: 陈毅, nodeId: agent_person/7993})","[:认识 {predicate: nan, source: 陈毅年谱, event: 陈毅迎接李宗仁夫妇（上海市）}]","(:Person {name: 李宗仁, nodeId: agent_person/8323})"
"(:Person {name: 李宗仁, nodeId: agent_person/8323})","[:认识 {predicate: nan, source: 陈毅年谱, event: 陈毅迎接李宗仁夫妇（上海市）}]","(:Person {name: 陈毅, nodeId: agent_person/7993})"
"(:Person {name: 陈毅, nodeId: agent_person/7993})","[:认识 {predicate: 会见, source: 陈毅年谱, event: 陈毅会见印度国防部长梅农（日内瓦）}]","(:Person {name: 梅农, nodeId: agent_person/15437})"
"(:Person {name: 梅农, nodeId: agent_person/15437})","[:认识 {predicate: 会见, source: 陈毅年谱, event: 陈毅会见印度国防部长梅农（日内瓦）}]","(:Person {name: 陈毅, nodeId: agent_person/7993})"
"(:Person {name: 陈毅, nodeId: agent_person/7993})","[:认识 {predicate: 会见, source: 陈毅年谱, event: 陈毅与阿尔及利亚国民议会外交事务委员会主席穆罕默德·亚齐德会谈（北京市）}]","(:Person {name: 亚齐德, nodeId: agent_person/15515})"
"(:Person {name: 亚齐德, nodeId: agent_person/15515})","[:认识 {predicate: 会见, source: 陈毅年谱, event: 陈毅与阿尔及利亚国民议会外交事务委员会主席穆罕默德·亚齐德会谈（北京市）}]","(:Person {name: 陈毅, nodeId: agent_person/7993})"
"(:Person {name: 陈毅, nodeId: agent_person/7993})","[:认识 {predicate: 迎接, source: 陈毅年谱, event: 陈毅欢迎赫鲁晓夫来中国访问（北京市）}]","(:Person {name: 赫鲁晓夫, nodeId: agent_person/15114/edit})"
"(:Person {name: 赫鲁晓夫, nodeId: agent_person/15114/edit})","[:认识 {predicate: 迎接, source: 陈毅年谱, event: 陈毅欢迎赫鲁晓夫来中国访问（北京市）}]","(:Person {name: 陈毅, nodeId: agent_person/7993})"
"(:Person {name: 陈毅, nodeId: agent_person/7993})","[:认识 {predicate: 迎接, source: 陈毅年谱, event: 陈毅欢迎图尔西·吉里（北京市）}]","(:Person {name: 图尔西·吉里, nodeId: agent_person/15429})"
"(:Person {name: 图尔西·吉里, nodeId: agent_person/15429})","[:认识 {predicate: 迎接, source: 陈毅年谱, event: 陈毅欢迎图尔西·吉里（北京市）}]","(:Person {name: 陈毅, nodeId: agent_person/7993})"
"(:Person {name: 陈毅, nodeId: agent_person/7993})","[:认识 {predicate: 会见, source: 陈毅年谱, event: 陈毅拜会苏联外交部长葛罗米柯（日内瓦）}]","(:Person {name: 葛罗米柯, nodeId: agent_person/15435})"
"(:Person {name: 葛罗米柯, nodeId: agent_person/15435})","[:认识 {predicate: 会见, source: 陈毅年谱, event: 陈毅拜会苏联外交部长葛罗米柯（日内瓦）}]","(:Person {name: 陈毅, nodeId: agent_person/7993})"
"(:Person {name: 陈毅, nodeId: agent_person/7993})","[:认识 {predicate: 会见, source: 陈毅年谱, event: 陈毅和周恩来会见黄文欢率领的越南国会访华友好代表团（北京市）}]","(:Person {name: 黄文欢, nodeId: agent_person/15472})"
"(:Person {name: 黄文欢, nodeId: agent_person/15472})","[:认识 {predicate: 会见, source: 陈毅年谱, event: 陈毅和周恩来会见黄文欢率领的越南国会访华友好代表团（北京市）}]","(:Person {name: 陈毅, nodeId: agent_person/7993})"
"(:Person {name: 陈毅, nodeId: agent_person/7993})","[:认识 {predicate: 会见, source: 陈毅年谱, event: 苏联新任驻华大使拉宾拜会陈毅（北京市）}]","(:Person {name: 拉宾, nodeId: agent_person/15534})"
"(:Person {name: 拉宾, nodeId: agent_person/15534})","[:认识 {predicate: 会见, source: 陈毅年谱, event: 苏联新任驻华大使拉宾拜会陈毅（北京市）}]","(:Person {name: 陈毅, nodeId: agent_person/7993})"
"(:Person {name: 陈毅, nodeId: agent_person/7993})","[:认识 {predicate: 迎接, source: 陈毅年谱, event: 陈毅欢迎巴西副总统若奥·贝尔希奥·古拉特访华（北京市）}]","(:Person {name: 若奥·贝尔希奥·古拉特, nodeId: agent_person/15444})"
"(:Person {name: 若奥·贝尔希奥·古拉特, nodeId: agent_person/15444})","[:认识 {predicate: 迎接, source: 陈毅年谱, event: 陈毅欢迎巴西副总统若奥·贝尔希奥·古拉特访华（北京市）}]","(:Person {name: 陈毅, nodeId: agent_person/7993})"
"(:Person {name: 陈毅, nodeId: agent_person/7993})","[:认识 {predicate: nan, source: 陈毅年谱, event: 陈毅和萨达尔·穆罕默德·纳伊姆签订中阿友好条约（喀布尔）}]","(:Person {name: 萨达尔·穆罕默德·纳伊姆, nodeId: agent_person/15278})"
"(:Person {name: 萨达尔·穆罕默德·纳伊姆, nodeId: agent_person/15278})","[:认识 {predicate: nan, source: 陈毅年谱, event: 陈毅和萨达尔·穆罕默德·纳伊姆签订中阿友好条约（喀布尔）}]","(:Person {name: 陈毅, nodeId: agent_person/7993})"
"(:Person {name: 陈毅, nodeId: agent_person/7993})","[:认识 {predicate: nan, source: 陈毅年谱, event: 陈毅与潘汉年拜会宋庆龄（上海市）}]","(:Person {name: 宋庆龄, nodeId: agent_person/13})"
"(:Person {name: 宋庆龄, nodeId: agent_person/13})","[:认识 {predicate: nan, source: 陈毅年谱, event: 陈毅与潘汉年拜会宋庆龄（上海市）}]","(:Person {name: 陈毅, nodeId: agent_person/7993})"
"(:Person {name: 陈毅, nodeId: agent_person/7993})","[:认识 {predicate: 会见, source: 陈毅年谱, event: 陈毅会见英国外交大臣霍姆（日内瓦）}]","(:Person {name: 霍姆, nodeId: agent_person/15436})"
"(:Person {name: 霍姆, nodeId: agent_person/15436})","[:认识 {predicate: 会见, source: 陈毅年谱, event: 陈毅会见英国外交大臣霍姆（日内瓦）}]","(:Person {name: 陈毅, nodeId: agent_person/7993})"
"(:Person {name: 陈毅, nodeId: agent_person/7993})","[:认识 {predicate: 会见, source: 日记摘抄, event: 陈毅与达赖、班禅在官亭会谈（拉萨市）}]","(:Person {name: 班禅额尔德尼, nodeId: agent_person/14790})"
"(:Person {name: 班禅额尔德尼, nodeId: agent_person/14790})","[:认识 {predicate: 会见, source: 日记摘抄, event: 陈毅与达赖、班禅在官亭会谈（拉萨市）}]","(:Person {name: 陈毅, nodeId: agent_person/7993})"
"(:Person {name: 陈毅, nodeId: agent_person/7993})","[:认识 {predicate: 迎接, source: 陈毅年谱, event: 陈毅欢迎西哈努克亲王来中国访问（北京市）}]","(:Person {name: 西哈努克亲王, nodeId: agents/agent_person/14784})"
"(:Person {name: 西哈努克亲王, nodeId: agents/agent_person/14784})","[:认识 {predicate: 迎接, source: 陈毅年谱, event: 陈毅欢迎西哈努克亲王来中国访问（北京市）}]","(:Person {name: 陈毅, nodeId: agent_person/7993})"
"(:Person {name: 陈毅, nodeId: agent_person/7993})","[:认识 {predicate: 会见, source: 陈毅年谱, event: 陈毅随周恩拜会尼泊尔首相毕·普·柯伊拉腊（加德满都市）}]","(:Person {name: 毕·普·柯伊拉腊, nodeId: agent_person/15290})"
"(:Person {name: 毕·普·柯伊拉腊, nodeId: agent_person/15290})","[:认识 {predicate: 会见, source: 陈毅年谱, event: 陈毅随周恩拜会尼泊尔首相毕·普·柯伊拉腊（加德满都市）}]","(:Person {name: 陈毅, nodeId: agent_person/7993})"
"(:Person {name: 陈毅, nodeId: agent_person/7993})","[:认识 {predicate: 迎接, source: 陈毅年谱, event: 陈毅欢迎锡兰总理班达拉奈克夫人访华（北京市）}]","(:Person {name: 班达拉奈克夫人, nodeId: agent_person/15459})"
"(:Person {name: 班达拉奈克夫人, nodeId: agent_person/15459})","[:认识 {predicate: 迎接, source: 陈毅年谱, event: 陈毅欢迎锡兰总理班达拉奈克夫人访华（北京市）}]","(:Person {name: 陈毅, nodeId: agent_person/7993})"
"(:Person {name: 陈毅, nodeId: agent_person/7993})","[:认识 {predicate: nan, source: 陈毅年谱, event: 陈毅拜会苏加诺总统（雅加达）}]","(:Person {name: 苏加诺, nodeId: agent_person/14785})"
"(:Person {name: 苏加诺, nodeId: agent_person/14785})","[:认识 {predicate: nan, source: 陈毅年谱, event: 陈毅拜会苏加诺总统（雅加达）}]","(:Person {name: 陈毅, nodeId: agent_person/7993})"
"(:Person {name: 陈毅, nodeId: agent_person/7993})","[:认识 {predicate: nan, source: 网络资源, event: 陈毅与几内亚教育部长巴里·迪亚瓦杜签署两国建交联合公报（北京市）}]","(:Person {name: 巴里·迪亚瓦杜, nodeId: agent_person/15749})"
"(:Person {name: 巴里·迪亚瓦杜, nodeId: agent_person/15749})","[:认识 {predicate: nan, source: 网络资源, event: 陈毅与几内亚教育部长巴里·迪亚瓦杜签署两国建交联合公报（北京市）}]","(:Person {name: 陈毅, nodeId: agent_person/7993})"
"(:Person {name: 陈毅, nodeId: agent_person/7993})","[:认识 {predicate: 会见, source: 陈毅年谱, event: 陈毅随周恩来拜会印度总统拉金德拉·普拉沙德（德里市）}]","(:Person {name: 拉金德拉·普拉沙德, nodeId: agent_person/15291})"
"(:Person {name: 拉金德拉·普拉沙德, nodeId: agent_person/15291})","[:认识 {predicate: 会见, source: 陈毅年谱, event: 陈毅随周恩来拜会印度总统拉金德拉·普拉沙德（德里市）}]","(:Person {name: 陈毅, nodeId: agent_person/7993})"
"(:Person {name: 陈毅, nodeId: agent_person/7993})","[:认识 {predicate: 迎接, source: 陈毅年谱, event: 陈毅到机场欢迎阿拉伯联合共和国总统外交事务顾问萨布里（北京市）}]","(:Person {name: 萨布里, nodeId: agent_person/15532})"
"(:Person {name: 萨布里, nodeId: agent_person/15532})","[:认识 {predicate: 迎接, source: 陈毅年谱, event: 陈毅到机场欢迎阿拉伯联合共和国总统外交事务顾问萨布里（北京市）}]","(:Person {name: 陈毅, nodeId: agent_person/7993})"
"(:Person {name: 陈毅, nodeId: agent_person/7993})","[:认识 {predicate: 会见, source: 陈毅年谱, event: 陈毅参加周恩来与苏班德里约的会谈（广州市）}]","(:Person {name: 苏班德里约, nodeId: agent_person/15519})"
"(:Person {name: 苏班德里约, nodeId: agent_person/15519})","[:认识 {predicate: 会见, source: 陈毅年谱, event: 陈毅参加周恩来与苏班德里约的会谈（广州市）}]","(:Person {name: 陈毅, nodeId: agent_person/7993})"
"(:Person {name: 陈毅, nodeId: agent_person/7993})","[:认识 {predicate: 会见, source: 陈毅年谱, event: 陈毅拜会阿富汗副首相阿里·穆罕默德（喀布尔市）}]","(:Person {name: 阿里·穆罕默德, nodeId: agent_person/15277})"
"(:Person {name: 阿里·穆罕默德, nodeId: agent_person/15277})","[:认识 {predicate: 会见, source: 陈毅年谱, event: 陈毅拜会阿富汗副首相阿里·穆罕默德（喀布尔市）}]","(:Person {name: 陈毅, nodeId: agent_person/7993})"
"(:Person {name: 陈毅, nodeId: agent_person/7993})","[:认识 {predicate: 会见, source: 陈毅年谱, event: 陈毅参加周恩来同尼雷尔的会谈（北京市）}]","(:Person {name: 尼雷尔, nodeId: agent_person/15479})"
"(:Person {name: 尼雷尔, nodeId: agent_person/15479})","[:认识 {predicate: 会见, source: 陈毅年谱, event: 陈毅参加周恩来同尼雷尔的会谈（北京市）}]","(:Person {name: 陈毅, nodeId: agent_person/7993})"
"(:Person {name: 陈毅, nodeId: agent_person/7993})","[:认识 {predicate: 会见, source: 陈毅年谱, event: 陈毅拜会瑞士联邦政治部长马克斯·彼蒂彼爱（日内瓦）}]","(:Person {name: 马克斯·彼蒂彼爱, nodeId: agent_person/15439})"
"(:Person {name: 马克斯·彼蒂彼爱, nodeId: agent_person/15439})","[:认识 {predicate: 会见, source: 陈毅年谱, event: 陈毅拜会瑞士联邦政治部长马克斯·彼蒂彼爱（日内瓦）}]","(:Person {name: 陈毅, nodeId: agent_person/7993})"
"(:Person {name: 陈毅, nodeId: agent_person/7993})","[:认识 {predicate: 会见, source: 网络资源, event: 周恩来和陈毅会见乌兹加尼（北京市）}]","(:Person {name: 乌兹加尼, nodeId: agent_person/15756})"
"(:Person {name: 乌兹加尼, nodeId: agent_person/15756})","[:认识 {predicate: 会见, source: 网络资源, event: 周恩来和陈毅会见乌兹加尼（北京市）}]","(:Person {name: 陈毅, nodeId: agent_person/7993})"
"(:Person {name: 陈毅, nodeId: agent_person/7993})","[:认识 {predicate: 会见, source: 陈毅年谱, event: 陈毅会见阿尔巴尼亚劳动党中央委员贝哈尔·什图拉（北京市）}]","(:Person {name: 希斯尼·卡博, nodeId: agent_person/15464})"
"(:Person {name: 希斯尼·卡博, nodeId: agent_person/15464})","[:认识 {predicate: 会见, source: 陈毅年谱, event: 陈毅会见阿尔巴尼亚劳动党中央委员贝哈尔·什图拉（北京市）}]","(:Person {name: 陈毅, nodeId: agent_person/7993})"
"(:Person {name: 陈毅, nodeId: agent_person/7993})","[:认识 {predicate: 迎接, source: 陈毅年谱, event: 陈毅欢迎尼泊尔国王马亨德拉访华（北京市）}]","(:Person {name: 马亨德拉, nodeId: agent_person/15514})"
"(:Person {name: 马亨德拉, nodeId: agent_person/15514})","[:认识 {predicate: 迎接, source: 陈毅年谱, event: 陈毅欢迎尼泊尔国王马亨德拉访华（北京市）}]","(:Person {name: 陈毅, nodeId: agent_person/7993})"
"(:Person {name: 陈毅, nodeId: agent_person/7993})","[:认识 {predicate: 迎接, source: 陈毅年谱, event: 陈毅欢迎崔庸健（北京市）}]","(:Person {name: 崔庸健, nodeId: agent_person/15428})"
"(:Person {name: 崔庸健, nodeId: agent_person/15428})","[:认识 {predicate: 迎接, source: 陈毅年谱, event: 陈毅欢迎崔庸健（北京市）}]","(:Person {name: 陈毅, nodeId: agent_person/7993})"
"(:Person {name: 陈毅, nodeId: agent_person/7993})","[:认识 {predicate: 会见, source: 陈毅年谱, event: 陈毅与尼泊尔大臣会议副主席比斯塔会谈（北京市）}]","(:Person {name: 比斯塔, nodeId: agent_person/15504})"
"(:Person {name: 比斯塔, nodeId: agent_person/15504})","[:认识 {predicate: 会见, source: 陈毅年谱, event: 陈毅与尼泊尔大臣会议副主席比斯塔会谈（北京市）}]","(:Person {name: 陈毅, nodeId: agent_person/7993})"
"(:Person {name: 陈毅, nodeId: agent_person/7993})","[:认识 {predicate: 会见, source: 陈毅年谱, event: 陈毅拜访朝鲜首相金日成（莫斯科市）}]","(:Person {name: 金日成, nodeId: agent_person/14798/})"
"(:Person {name: 金日成, nodeId: agent_person/14798/})","[:认识 {predicate: 会见, source: 陈毅年谱, event: 陈毅拜访朝鲜首相金日成（莫斯科市）}]","(:Person {name: 陈毅, nodeId: agent_person/7993})"
"(:Person {name: 陈毅, nodeId: agent_person/7993})","[:认识 {predicate: 会见, source: 陈毅年谱, event: 罗马尼亚新任驻华大使乔治乌·杜米特鲁拜会陈毅（北京市）}]","(:Person {name: 乔治乌·杜米特鲁, nodeId: agent_person/15446})"
"(:Person {name: 乔治乌·杜米特鲁, nodeId: agent_person/15446})","[:认识 {predicate: 会见, source: 陈毅年谱, event: 罗马尼亚新任驻华大使乔治乌·杜米特鲁拜会陈毅（北京市）}]","(:Person {name: 陈毅, nodeId: agent_person/7993})"
"(:Person {name: 陈毅, nodeId: agent_person/7993})","[:认识 {predicate: 参加, source: 陈毅年谱, event: 陈毅出席蒙古部长会议主席泽登巴尔的招待午宴（乌兰巴托市）}]","(:Person {name: 泽登巴尔, nodeId: agent_person/15275})"
"(:Person {name: 泽登巴尔, nodeId: agent_person/15275})","[:认识 {predicate: 参加, source: 陈毅年谱, event: 陈毅出席蒙古部长会议主席泽登巴尔的招待午宴（乌兰巴托市）}]","(:Person {name: 陈毅, nodeId: agent_person/7993})"
"(:Person {name: 陈毅, nodeId: agent_person/7993})","[:认识 {predicate: 会见, source: 陈毅年谱, event: 陈毅拜会越南总理范文同（莫斯科市）}]","(:Person {name: 范文同, nodeId: agent_person/15442})"
"(:Person {name: 范文同, nodeId: agent_person/15442})","[:认识 {predicate: 会见, source: 陈毅年谱, event: 陈毅拜会越南总理范文同（莫斯科市）}]","(:Person {name: 陈毅, nodeId: agent_person/7993})"
"(:Person {name: 陈毅, nodeId: agent_person/7993})","[:认识 {predicate: 会见, source: 陈毅年谱, event: 陈毅与尼泊尔大臣会议副主席比斯塔会谈（北京市）}]","(:Person {name: 比斯塔, nodeId: agent_person/15745})"
"(:Person {name: 比斯塔, nodeId: agent_person/15745})","[:认识 {predicate: 会见, source: 陈毅年谱, event: 陈毅与尼泊尔大臣会议副主席比斯塔会谈（北京市）}]","(:Person {name: 陈毅, nodeId: agent_person/7993})"
"(:Person {name: 陈毅, nodeId: agent_person/7993})","[:认识 {predicate: 会见, source: 陈毅年谱, event: 陈毅陪同毛泽东接见阿沙德·侯赛因等人（北京市）}]","(:Person {name: 阿沙德·侯赛因, nodeId: agent_person/15480})"
"(:Person {name: 阿沙德·侯赛因, nodeId: agent_person/15480})","[:认识 {predicate: 会见, source: 陈毅年谱, event: 陈毅陪同毛泽东接见阿沙德·侯赛因等人（北京市）}]","(:Person {name: 陈毅, nodeId: agent_person/7993})"
"(:Person {name: 陈毅, nodeId: agent_person/7993})","[:认识 {predicate: nan, source: 陈毅年谱, event: 陈毅参加周恩来与老挝首相梭发那・富马亲王的会谈（北京市）}]","(:Person {name: 梭发那・富马, nodeId: agent_person/15432})"
"(:Person {name: 梭发那・富马, nodeId: agent_person/15432})","[:认识 {predicate: nan, source: 陈毅年谱, event: 陈毅参加周恩来与老挝首相梭发那・富马亲王的会谈（北京市）}]","(:Person {name: 陈毅, nodeId: agent_person/7993})"
"(:Person {name: 陈毅, nodeId: agent_person/7993})","[:认识 {predicate: 联系, source: 陈毅年谱, event: 陈毅与鲁炯雯举行谈判（大余县）}]","(:Person {name: 鲁炯雯, nodeId: agent_person/11993})"
"(:Person {name: 鲁炯雯, nodeId: agent_person/11993})","[:认识 {predicate: 联系, source: 陈毅年谱, event: 陈毅与鲁炯雯举行谈判（大余县）}]","(:Person {name: 陈毅, nodeId: agent_person/7993})"
"(:Person {name: 陈毅, nodeId: agent_person/7993})","[:认识 {predicate: nan, source: 陈毅年谱, event: 陈毅和刘少奇与阿尤布会谈（拉瓦尔品第）}]","(:Person {name: 穆罕默德·阿尤布·汗, nodeId: agent_person/14786})"
"(:Person {name: 穆罕默德·阿尤布·汗, nodeId: agent_person/14786})","[:认识 {predicate: nan, source: 陈毅年谱, event: 陈毅和刘少奇与阿尤布会谈（拉瓦尔品第）}]","(:Person {name: 陈毅, nodeId: agent_person/7993})"
"(:Person {name: 陈毅, nodeId: agent_person/7993})","[:认识 {predicate: 会见, source: 陈毅年谱, event: 陈毅陪同周恩来接见马里政府代表团（北京市）}]","(:Person {name: 塞杜·巴迪安·库亚特, nodeId: agent_person/15473})"
"(:Person {name: 塞杜·巴迪安·库亚特, nodeId: agent_person/15473})","[:认识 {predicate: 会见, source: 陈毅年谱, event: 陈毅陪同周恩来接见马里政府代表团（北京市）}]","(:Person {name: 陈毅, nodeId: agent_person/7993})"
"(:Person {name: 陈毅, nodeId: agent_person/7993})","[:认识 {predicate: 迎接, source: 陈毅年谱, event: 陈毅欢迎蒙古部长会议主席尤睦佳·泽登巴尔访华（北京市）}]","(:Person {name: 尤睦佳·泽登巴尔, nodeId: agent_person/15275})"
"(:Person {name: 尤睦佳·泽登巴尔, nodeId: agent_person/15275})","[:认识 {predicate: 迎接, source: 陈毅年谱, event: 陈毅欢迎蒙古部长会议主席尤睦佳·泽登巴尔访华（北京市）}]","(:Person {name: 陈毅, nodeId: agent_person/7993})"
"(:Person {name: 陈毅, nodeId: agent_person/7993})","[:认识 {predicate: 会见, source: 陈毅年谱, event: 陈毅和周恩来拜会缅甸总理吴努（仰光市）}]","(:Person {name: 吴努, nodeId: agent_person/14800})"
"(:Person {name: 吴努, nodeId: agent_person/14800})","[:认识 {predicate: 会见, source: 陈毅年谱, event: 陈毅和周恩来拜会缅甸总理吴努（仰光市）}]","(:Person {name: 陈毅, nodeId: agent_person/7993})"
"(:Person {name: 陈毅, nodeId: agent_person/7993})","[:认识 {predicate: nan, source: 陈毅年谱, event: 陈毅签订中巴边界协定（北京市）}]","(:Person {name: 佐·阿·布托, nodeId: agent_person/14788})"
"(:Person {name: 佐·阿·布托, nodeId: agent_person/14788})","[:认识 {predicate: nan, source: 陈毅年谱, event: 陈毅签订中巴边界协定（北京市）}]","(:Person {name: 陈毅, nodeId: agent_person/7993})"
"(:Person {name: 陈毅, nodeId: agent_person/7993})","[:认识 {predicate: nan, source: 网络资源, event: 陈毅应毛泽东指示为荣毅仁参选上海副市长拉票（上海市）}]","(:Person {name: 荣毅仁, nodeId: agent_person/10645})"
"(:Person {name: 荣毅仁, nodeId: agent_person/10645})","[:认识 {predicate: nan, source: 网络资源, event: 陈毅应毛泽东指示为荣毅仁参选上海副市长拉票（上海市）}]","(:Person {name: 陈毅, nodeId: agent_person/7993})"
"(:Person {name: 陈毅, nodeId: agent_person/7993})","[:认识 {predicate: 迎接, source: 陈毅年谱, event: 陈毅欢迎西哈努克亲王来中国访问（北京市）}]","(:Person {name: 西哈努克亲王, nodeId: agent_person/14784})"
"(:Person {name: 西哈努克亲王, nodeId: agent_person/14784})","[:认识 {predicate: 迎接, source: 陈毅年谱, event: 陈毅欢迎西哈努克亲王来中国访问（北京市）}]","(:Person {name: 陈毅, nodeId: agent_person/7993})"
"(:Person {name: 陈毅, nodeId: agent_person/7993})","[:认识 {predicate: nan, source: 陈毅年谱, event: 陈毅参加周恩来和阿尤布的会谈（拉瓦尔品第）}]","(:Person {name: 阿尤布, nodeId: agent_person/14786})"
"(:Person {name: 阿尤布, nodeId: agent_person/14786})","[:认识 {predicate: nan, source: 陈毅年谱, event: 陈毅参加周恩来和阿尤布的会谈（拉瓦尔品第）}]","(:Person {name: 陈毅, nodeId: agent_person/7993})"
"(:Person {name: 陈毅, nodeId: agent_person/7993})","[:认识 {predicate: 会见, source: 陈毅年谱, event: 陈毅和周恩来接见阿拉伯联合共和国驻中国大使伊马姆（北京市）}]","(:Person {name: 伊马姆, nodeId: agent_person/15470})"
"(:Person {name: 伊马姆, nodeId: agent_person/15470})","[:认识 {predicate: 会见, source: 陈毅年谱, event: 陈毅和周恩来接见阿拉伯联合共和国驻中国大使伊马姆（北京市）}]","(:Person {name: 陈毅, nodeId: agent_person/7993})"
"(:Person {name: 陈毅, nodeId: agent_person/7993})","[:认识 {predicate: 会见, source: 陈毅年谱, event: 陈毅接见越南驻中国大使馆临时代办黎终始（北京市）}]","(:Person {name: 黎终始, nodeId: agent_person/15469})"
"(:Person {name: 黎终始, nodeId: agent_person/15469})","[:认识 {predicate: 会见, source: 陈毅年谱, event: 陈毅接见越南驻中国大使馆临时代办黎终始（北京市）}]","(:Person {name: 陈毅, nodeId: agent_person/7993})"
"(:Person {name: 陈毅, nodeId: agent_person/7993})","[:认识 {predicate: nan, source: 陈毅年谱, event: 陈毅和萨达尔·穆罕默德·纳伊姆签订中阿友好条约（喀布尔）}]","(:Person {name: 萨达尔·穆罕默德·纳伊姆, nodeId: agent_person/14787})"
"(:Person {name: 萨达尔·穆罕默德·纳伊姆, nodeId: agent_person/14787})","[:认识 {predicate: nan, source: 陈毅年谱, event: 陈毅和萨达尔·穆罕默德·纳伊姆签订中阿友好条约（喀布尔）}]","(:Person {name: 陈毅, nodeId: agent_person/7993})"
"(:Person {name: 陈毅, nodeId: agent_person/7993})","[:认识 {predicate: 参加, source: 陈毅年谱, event: 陈毅出席苏联驻中国大使契尔沃年科举行举行的宴会（北京市）}]","(:Person {name: 契尔沃年科, nodeId:  agent_person/15274})"
"(:Person {name: 契尔沃年科, nodeId:  agent_person/15274})","[:认识 {predicate: 参加, source: 陈毅年谱, event: 陈毅出席苏联驻中国大使契尔沃年科举行举行的宴会（北京市）}]","(:Person {name: 陈毅, nodeId: agent_person/7993})"
"(:Person {name: 陈毅, nodeId: agent_person/7993})","[:认识 {predicate: 迎接, source: 陈毅年谱, event: 陈毅欢迎古巴总统奥斯瓦耳多·多尔蒂科斯·托拉多访华（北京市）}]","(:Person {name: 奥斯瓦耳多·多尔蒂科斯·托拉多, nodeId: agent_person/15445})"
"(:Person {name: 奥斯瓦耳多·多尔蒂科斯·托拉多, nodeId: agent_person/15445})","[:认识 {predicate: 迎接, source: 陈毅年谱, event: 陈毅欢迎古巴总统奥斯瓦耳多·多尔蒂科斯·托拉多访华（北京市）}]","(:Person {name: 陈毅, nodeId: agent_person/7993})"
"(:Person {name: 陈毅, nodeId: agent_person/7993})","[:认识 {predicate: 会见, source: 陈毅年谱, event: 陈毅拜会阿富汗首相萨达尔·穆罕默德·达乌德（喀布尔市）}]","(:Person {name: 萨达尔·穆罕默德·达乌德, nodeId: agent_person/15276})"
"(:Person {name: 萨达尔·穆罕默德·达乌德, nodeId: agent_person/15276})","[:认识 {predicate: 会见, source: 陈毅年谱, event: 陈毅拜会阿富汗首相萨达尔·穆罕默德·达乌德（喀布尔市）}]","(:Person {name: 陈毅, nodeId: agent_person/7993})"
"(:Person {name: 陈毅, nodeId: agent_person/7993})","[:认识 {predicate: 迎接, source: 日记摘抄, event: 陈毅到机场欢迎尼赫鲁、纳赛尔及阿富汗副总理（仰光市）}]","(:Person {name: 纳赛尔, nodeId: agent_person/15042})"
"(:Person {name: 纳赛尔, nodeId: agent_person/15042})","[:认识 {predicate: 迎接, source: 日记摘抄, event: 陈毅到机场欢迎尼赫鲁、纳赛尔及阿富汗副总理（仰光市）}]","(:Person {name: 陈毅, nodeId: agent_person/7993})"
"(:Person {name: 陈毅, nodeId: agent_person/7993})","[:认识 {predicate: 会见, source: 陈毅年谱, event: 陈毅陪同周恩来接见古哈·阿尤布·汗（北京市）}]","(:Person {name: 古哈·阿尤布·汗, nodeId: agent_person/15468})"
"(:Person {name: 古哈·阿尤布·汗, nodeId: agent_person/15468})","[:认识 {predicate: 会见, source: 陈毅年谱, event: 陈毅陪同周恩来接见古哈·阿尤布·汗（北京市）}]","(:Person {name: 陈毅, nodeId: agent_person/7993})"
"(:Person {name: 陈毅, nodeId: agent_person/7993})","[:认识 {predicate: 迎接, source: 陈毅年谱, event: 陈毅欢迎尼泊尔国王马亨德拉访华（北京市）}]","(:Person {name: 马亨德拉, nodeId: agent_person/15447})"
"(:Person {name: 马亨德拉, nodeId: agent_person/15447})","[:认识 {predicate: 迎接, source: 陈毅年谱, event: 陈毅欢迎尼泊尔国王马亨德拉访华（北京市）}]","(:Person {name: 陈毅, nodeId: agent_person/7993})"
"(:Person {name: 陈毅, nodeId: agent_person/7993})","[:认识 {predicate: nan, source: 陈毅年谱, event: 陈毅出席周恩来和福·波伦的联合声明签字仪式（金边）}]","(:Person {name: 福·波伦, nodeId: agent_person/14792})"
"(:Person {name: 福·波伦, nodeId: agent_person/14792})","[:认识 {predicate: nan, source: 陈毅年谱, event: 陈毅出席周恩来和福·波伦的联合声明签字仪式（金边）}]","(:Person {name: 陈毅, nodeId: agent_person/7993})"
"(:Person {name: 陈毅, nodeId: agent_person/7993})","[:认识 {predicate: nan, source: 网络资源, event: 陈毅在撤离途中遇到曾纪财}]","(:Person {name: 曾纪财, nodeId: agent_person/8896})"
"(:Person {name: 曾纪财, nodeId: agent_person/8896})","[:认识 {predicate: nan, source: 网络资源, event: 陈毅在撤离途中遇到曾纪财}]","(:Person {name: 陈毅, nodeId: agent_person/7993})"
"(:Person {name: 陈毅, nodeId: agent_person/7993})","[:认识 {predicate: 会见, source: 网络资源, event: 周恩来、陈毅接见富尔谈关于中印边界问题（上海市）}]","(:Person {name: 德加·富尔, nodeId: agent_person/15755})"
"(:Person {name: 德加·富尔, nodeId: agent_person/15755})","[:认识 {predicate: 会见, source: 网络资源, event: 周恩来、陈毅接见富尔谈关于中印边界问题（上海市）}]","(:Person {name: 陈毅, nodeId: agent_person/7993})"
"(:Person {name: 陈毅, nodeId: agent_person/7993})","[:认识 {predicate: nan, source: 陈毅年谱, event: 陈毅接受见瑞士电视台记者阿蒙·卡维泽尔采访（日内瓦）}]","(:Person {name: 阿蒙·卡维泽尔, nodeId: agent_person/15456})"
"(:Person {name: 阿蒙·卡维泽尔, nodeId: agent_person/15456})","[:认识 {predicate: nan, source: 陈毅年谱, event: 陈毅接受见瑞士电视台记者阿蒙·卡维泽尔采访（日内瓦）}]","(:Person {name: 陈毅, nodeId: agent_person/7993})"
"(:Person {name: 陈毅, nodeId: agent_person/7993})","[:认识 {predicate: 会见, source: 陈毅年谱, event: 陈毅随周恩来拜会印度总理尼赫鲁（德里市）}]","(:Person {name: 尼赫鲁, nodeId: agent_person/15041})"
"(:Person {name: 尼赫鲁, nodeId: agent_person/15041})","[:认识 {predicate: 会见, source: 陈毅年谱, event: 陈毅随周恩来拜会印度总理尼赫鲁（德里市）}]","(:Person {name: 陈毅, nodeId: agent_person/7993})"
"(:Person {name: 陈毅, nodeId: agent_person/7993})","[:认识 {predicate: 会见, source: 陈毅年谱, event: 陈毅和周恩来接见坦桑尼亚驻华大使姆瓦鲁科（北京市）}]","(:Person {name: 瓦鲁科, nodeId: agent_person/15467})"
"(:Person {name: 瓦鲁科, nodeId: agent_person/15467})","[:认识 {predicate: 会见, source: 陈毅年谱, event: 陈毅和周恩来接见坦桑尼亚驻华大使姆瓦鲁科（北京市）}]","(:Person {name: 陈毅, nodeId: agent_person/7993})"
"(:Person {name: 陈毅, nodeId: agent_person/7993})","[:认识 {predicate: 会见, source: 网络资源, event: 陈毅召见阿尔及利亚驻华大使亚拉（北京市）}]","(:Person {name: 亚拉, nodeId: agent_person/15757})"
"(:Person {name: 亚拉, nodeId: agent_person/15757})","[:认识 {predicate: 会见, source: 网络资源, event: 陈毅召见阿尔及利亚驻华大使亚拉（北京市）}]","(:Person {name: 陈毅, nodeId: agent_person/7993})"
"(:Person {name: 陈毅, nodeId: agent_person/7993})","[:认识 {predicate: nan, source: 陈毅年谱, event: 陈毅参加接见奈温（北京市）}]","(:Person {name: 奈温, nodeId: agent_person/15525})"
"(:Person {name: 奈温, nodeId: agent_person/15525})","[:认识 {predicate: nan, source: 陈毅年谱, event: 陈毅参加接见奈温（北京市）}]","(:Person {name: 陈毅, nodeId: agent_person/7993})"
"(:Person {name: 陈毅, nodeId: agent_person/7993})","[:认识 {predicate: 会见, source: 网络资源, event: 陈毅与比塔特初步会谈}]","(:Person {name: 比塔特, nodeId: agent_person/15758})"
"(:Person {name: 比塔特, nodeId: agent_person/15758})","[:认识 {predicate: 会见, source: 网络资源, event: 陈毅与比塔特初步会谈}]","(:Person {name: 陈毅, nodeId: agent_person/7993})"
"(:Person {name: 陈毅, nodeId: agent_person/7993})","[:认识 {predicate: 会见, source: 陈毅年谱, event: 陈毅和周恩来拜会缅甸总统吴温貌（仰光市）}]","(:Person {name: 吴温貌, nodeId: agent_person/14799})"
"(:Person {name: 吴温貌, nodeId: agent_person/14799})","[:认识 {predicate: 会见, source: 陈毅年谱, event: 陈毅和周恩来拜会缅甸总统吴温貌（仰光市）}]","(:Person {name: 陈毅, nodeId: agent_person/7993})"
"(:Person {name: 陈毅, nodeId: agent_person/7993})","[:认识 {predicate: 会见, source: 陈毅年谱, event: 陈毅迎接毛里塔尼亚伊斯兰共和国政府代表团（北京市）}]","(:Person {name: 比拉尼·马马杜·瓦尼, nodeId: agent_person/15466})"
"(:Person {name: 比拉尼·马马杜·瓦尼, nodeId: agent_person/15466})","[:认识 {predicate: 会见, source: 陈毅年谱, event: 陈毅迎接毛里塔尼亚伊斯兰共和国政府代表团（北京市）}]","(:Person {name: 陈毅, nodeId: agent_person/7993})"
"(:Person {name: 陈毅, nodeId: agent_person/7993})","[:认识 {predicate: 会见, source: 陈毅年谱, event: 陈毅会见中尼边界联合委员会尼泊尔首席代表帕德马・巴哈杜尔・卡特里（北京市）}]","(:Person {name: 帕德马・巴哈杜尔・卡特里, nodeId: agent_person/15430})"
"(:Person {name: 帕德马・巴哈杜尔・卡特里, nodeId: agent_person/15430})","[:认识 {predicate: 会见, source: 陈毅年谱, event: 陈毅会见中尼边界联合委员会尼泊尔首席代表帕德马・巴哈杜尔・卡特里（北京市）}]","(:Person {name: 陈毅, nodeId: agent_person/7993})"
"(:Person {name: 陈毅, nodeId: agent_person/7993})","[:认识 {predicate: 授予, source: 陈毅年谱, event: 陈毅将西藏自治区筹备委员会印鉴授予达赖喇嘛（拉萨市）}]","(:Person {name: 达赖喇嘛, nodeId: agent_person/14789})"
"(:Person {name: 达赖喇嘛, nodeId: agent_person/14789})","[:认识 {predicate: 授予, source: 陈毅年谱, event: 陈毅将西藏自治区筹备委员会印鉴授予达赖喇嘛（拉萨市）}]","(:Person {name: 陈毅, nodeId: agent_person/7993})"
"(:Person {name: 陈毅, nodeId: agent_person/7993})","[:认识 {predicate: 会见, source: 陈毅年谱, event: 陈毅和李先念接见巴基斯坦政府经济代表团（北京市）}]","(:Person {name: 阿赫默德, nodeId: agent_person/15476})"
"(:Person {name: 阿赫默德, nodeId: agent_person/15476})","[:认识 {predicate: 会见, source: 陈毅年谱, event: 陈毅和李先念接见巴基斯坦政府经济代表团（北京市）}]","(:Person {name: 陈毅, nodeId: agent_person/7993})"
"(:Person {name: 陈毅, nodeId: agent_person/7993})","[:认识 {predicate: 会见, source: 陈毅年谱, event: 陈毅参加周恩来和卡翁达举行的会谈（北京市）}]","(:Person {name: 卡翁达, nodeId: agent_person/15471})"
"(:Person {name: 卡翁达, nodeId: agent_person/15471})","[:认识 {predicate: 会见, source: 陈毅年谱, event: 陈毅参加周恩来和卡翁达举行的会谈（北京市）}]","(:Person {name: 陈毅, nodeId: agent_person/7993})"
"(:Person {name: 陈毅, nodeId: agent_person/7993})","[:认识 {predicate: nan, source: 陈毅年谱, event: 陈毅陪同周恩来拜会西哈努克亲王（金边）}]","(:Person {name: 西哈努克, nodeId: agent_person/14784})"
"(:Person {name: 西哈努克, nodeId: agent_person/14784})","[:认识 {predicate: nan, source: 陈毅年谱, event: 陈毅陪同周恩来拜会西哈努克亲王（金边）}]","(:Person {name: 陈毅, nodeId: agent_person/7993})"
"(:Person {name: 陈毅, nodeId: agent_person/7993})","[:认识 {predicate: 会见, source: 陈毅年谱, event: 陈毅拜会瑞士联邦主席弗里德里克·瓦伦（日内瓦）}]","(:Person {name: 弗里德里克·瓦伦, nodeId: agent_person/15438})"
"(:Person {name: 弗里德里克·瓦伦, nodeId: agent_person/15438})","[:认识 {predicate: 会见, source: 陈毅年谱, event: 陈毅拜会瑞士联邦主席弗里德里克·瓦伦（日内瓦）}]","(:Person {name: 陈毅, nodeId: agent_person/7993})"
"(:Person {name: 陈毅, nodeId: agent_person/7993})","[:认识 {predicate: 会见, source: 陈毅年谱, event: 陈毅陪同周恩来接见柬埔寨外交大臣富里萨拉（北京市）}]","(:Person {name: 富里萨拉, nodeId: agent_person/15475})"
"(:Person {name: 富里萨拉, nodeId: agent_person/15475})","[:认识 {predicate: 会见, source: 陈毅年谱, event: 陈毅陪同周恩来接见柬埔寨外交大臣富里萨拉（北京市）}]","(:Person {name: 陈毅, nodeId: agent_person/7993})"
"(:Person {name: 陈毅, nodeId: agent_person/7993})","[:认识 {predicate: 迎接, source: 陈毅年谱, event: 陈毅欢迎赫鲁晓夫来中国访问（北京市）}]","(:Person {name: 赫鲁晓夫, nodeId: agent_person/15114})"
"(:Person {name: 赫鲁晓夫, nodeId: agent_person/15114})","[:认识 {predicate: 迎接, source: 陈毅年谱, event: 陈毅欢迎赫鲁晓夫来中国访问（北京市）}]","(:Person {name: 陈毅, nodeId: agent_person/7993})"
"(:Person {name: 陈毅, nodeId: agent_person/7993})",[:参与],"(:Event {eventId: 403, predicate: 参加, name: 陈毅加入工学世界社（巴黎）, startDate: 1920})"
"(:Event {eventId: 403, predicate: 参加, name: 陈毅加入工学世界社（巴黎）, startDate: 1920})",[:参与],"(:Person {name: 陈毅, nodeId: agent_person/7993})"
"(:Person {name: 陈毅, nodeId: agent_person/7993})",[:参与],"(:Event {eventId: 2877, name: 陈毅获悉母亲去世（昆明市）, startDate: 1963-05-09 00:00:00})"
"(:Event {eventId: 2877, name: 陈毅获悉母亲去世（昆明市）, startDate: 1963-05-09 00:00:00})",[:参与],"(:Person {name: 陈毅, nodeId: agent_person/7993})"
"(:Person {name: 陈毅, nodeId: agent_person/7993})",[:参与],"(:Event {eventId: 2338, predicate: 参加, name: 陈毅出席德意志民主共和国成立5周年国庆典礼（柏林市）, eventType: 访问, startDate: 1954-10-06 00:00:00})"
"(:Event {eventId: 2338, predicate: 参加, name: 陈毅出席德意志民主共和国成立5周年国庆典礼（柏林市）, eventType: 访问, startDate: 1954-10-06 00:00:00})",[:参与],"(:Person {name: 陈毅, nodeId: agent_person/7993})"
"(:Person {name: 陈毅, nodeId: agent_person/7993})",[:参与],"(:Event {eventId: 2964, name: 陈毅作第一次发言（日内瓦）, eventType: 会议, startDate: 1961-05-16 00:00:00})"
"(:Event {eventId: 2964, name: 陈毅作第一次发言（日内瓦）, eventType: 会议, startDate: 1961-05-16 00:00:00})",[:参与],"(:Person {name: 陈毅, nodeId: agent_person/7993})"
"(:Person {name: 陈毅, nodeId: agent_person/7993})",[:参与],"(:Event {eventId: 3020, name: 陈毅宣布中国政府承认牙买加（北京市）, startDate: 1962-08-05 00:00:00})"
"(:Event {eventId: 3020, name: 陈毅宣布中国政府承认牙买加（北京市）, startDate: 1962-08-05 00:00:00})",[:参与],"(:Person {name: 陈毅, nodeId: agent_person/7993})"
"(:Person {name: 陈毅, nodeId: agent_person/7993})",[:参与],"(:Event {eventId: 2504, predicate: 参加, name: 陈毅出席群众大会（拉萨市）, eventType: 会议, startDate: 1956-04-27 00:00:00})"
"(:Event {eventId: 2504, predicate: 参加, name: 陈毅出席群众大会（拉萨市）, eventType: 会议, startDate: 1956-04-27 00:00:00})",[:参与],"(:Person {name: 陈毅, nodeId: agent_person/7993})"
"(:Person {name: 陈毅, nodeId: agent_person/7993})",[:参与],"(:Event {eventId: 1830, predicate: 参加, endDate: 1933-10-04 00:00:00, name: 陈毅出席中共江西省苏区第二次代表大会（宁都县）, eventType: 会议, startDate: 1933-09-27 00:00:00})"
"(:Event {eventId: 1830, predicate: 参加, endDate: 1933-10-04 00:00:00, name: 陈毅出席中共江西省苏区第二次代表大会（宁都县）, eventType: 会议, startDate: 1933-09-27 00:00:00})",[:参与],"(:Person {name: 陈毅, nodeId: agent_person/7993})"
"(:Person {name: 陈毅, nodeId: agent_person/7993})",[:参与],"(:Event {eventId: 2890, predicate: 参加, name: 陈毅参加国庆典礼（北京市）, eventType: 聚集, startDate: 1964-10-01 00:00:00})"
"(:Event {eventId: 2890, predicate: 参加, name: 陈毅参加国庆典礼（北京市）, eventType: 聚集, startDate: 1964-10-01 00:00:00})",[:参与],"(:Person {name: 陈毅, nodeId: agent_person/7993})"
"(:Person {name: 陈毅, nodeId: agent_person/7993})",[:参与],"(:Event {eventId: 3356, predicate: 参加, name: 陈毅等率领学生代表冲入里昂大学（里昂）, eventType: 聚集, startDate: 1921-09-21 00:00:00})"
"(:Event {eventId: 3356, predicate: 参加, name: 陈毅等率领学生代表冲入里昂大学（里昂）, eventType: 聚集, startDate: 1921-09-21 00:00:00})",[:参与],"(:Person {name: 陈毅, nodeId: agent_person/7993})"
"(:Person {name: 陈毅, nodeId: agent_person/7993})",[:参与],"(:Event {eventId: 1733, predicate: 创作, name: 陈毅作《赠缅甸友人》（北京市）, startDate: 1957-12-17 00:00:00})"
"(:Event {eventId: 1733, predicate: 创作, name: 陈毅作《赠缅甸友人》（北京市）, startDate: 1957-12-17 00:00:00})",[:参与],"(:Person {name: 陈毅, nodeId: agent_person/7993})"
"(:Person {name: 陈毅, nodeId: agent_person/7993})",[:参与],"(:Event {eventId: 2431, predicate: 创作, name: 陈毅撰写《关于朱德、毛泽东红军的历史及其状况的报告》（上海市）, startDate: 1929-09-01 00:00:00})"
"(:Event {eventId: 2431, predicate: 创作, name: 陈毅撰写《关于朱德、毛泽东红军的历史及其状况的报告》（上海市）, startDate: 1929-09-01 00:00:00})",[:参与],"(:Person {name: 陈毅, nodeId: agent_person/7993})"
"(:Person {name: 陈毅, nodeId: agent_person/7993})",[:参与],"(:Event {eventId: 2564, predicate: 参加, endDate: 1947-03-12 00:00:00, name: 陈毅参加华野前委扩大会议（淄川区）, eventType: 会议, startDate: 1947-03-08 00:00:00})"
"(:Event {eventId: 2564, predicate: 参加, endDate: 1947-03-12 00:00:00, name: 陈毅参加华野前委扩大会议（淄川区）, eventType: 会议, startDate: 1947-03-08 00:00:00})",[:参与],"(:Person {name: 陈毅, nodeId: agent_person/7993})"
"(:Person {name: 陈毅, nodeId: agent_person/7993})",[:参与],"(:Event {eventId: 3023, predicate: 参加, endDate: 1962-09-27 00:00:00, name: 陈毅出席中共八届十中全会（北京市）, startDate: 1962-09-24 00:00:00})"
"(:Event {eventId: 3023, predicate: 参加, endDate: 1962-09-27 00:00:00, name: 陈毅出席中共八届十中全会（北京市）, startDate: 1962-09-24 00:00:00})",[:参与],"(:Person {name: 陈毅, nodeId: agent_person/7993})"
"(:Person {name: 陈毅, nodeId: agent_person/7993})",[:参与],"(:Event {eventId: 2748, predicate: 参加, name: 陈毅到毛泽东处集会谈国内外形势（北京市）, eventType: 会议, startDate: 1959-10-23 00:00:00})"
"(:Event {eventId: 2748, predicate: 参加, name: 陈毅到毛泽东处集会谈国内外形势（北京市）, eventType: 会议, startDate: 1959-10-23 00:00:00})",[:参与],"(:Person {name: 陈毅, nodeId: agent_person/7993})"
"(:Person {name: 陈毅, nodeId: agent_person/7993})",[:参与],"(:Event {eventId: 3022, name: 陈毅宣布中国政府承认特立尼达和多巴哥（北京市）, startDate: 1962-08-30 00:00:00})"
"(:Event {eventId: 3022, name: 陈毅宣布中国政府承认特立尼达和多巴哥（北京市）, startDate: 1962-08-30 00:00:00})",[:参与],"(:Person {name: 陈毅, nodeId: agent_person/7993})"
"(:Person {name: 陈毅, nodeId: agent_person/7993})",[:参与],"(:Event {eventId: 3111, predicate: 会见, endDate: 1965-03-24 00:00:00, name: 陈毅与阿富汗首相穆罕默德·优素福、副首相阿卜杜勒·查希尔会谈（喀布尔市）, startDate: 1965-03-23 00:00:00})"
"(:Event {eventId: 3111, predicate: 会见, endDate: 1965-03-24 00:00:00, name: 陈毅与阿富汗首相穆罕默德·优素福、副首相阿卜杜勒·查希尔会谈（喀布尔市）, startDate: 1965-03-23 00:00:00})",[:参与],"(:Person {name: 陈毅, nodeId: agent_person/7993})"
"(:Person {name: 陈毅, nodeId: agent_person/7993})",[:参与],"(:Event {eventId: 2532, predicate: 召开, name: 陈毅召开整顿“三风”会议（盐城市）, eventType: 会议, startDate: 1942-06-18 00:00:00})"
"(:Event {eventId: 2532, predicate: 召开, name: 陈毅召开整顿“三风”会议（盐城市）, eventType: 会议, startDate: 1942-06-18 00:00:00})",[:参与],"(:Person {name: 陈毅, nodeId: agent_person/7993})"
"(:Person {name: 陈毅, nodeId: agent_person/7993})",[:参与],"(:Event {eventId: 3235, predicate: 创作, name: 陈毅写作《广州花市》（广州市）, startDate: 1966-01-20 00:00:00})"
"(:Event {eventId: 3235, predicate: 创作, name: 陈毅写作《广州花市》（广州市）, startDate: 1966-01-20 00:00:00})",[:参与],"(:Person {name: 陈毅, nodeId: agent_person/7993})"
"(:Person {name: 陈毅, nodeId: agent_person/7993})",[:参与],"(:Event {eventId: 2527, predicate: 参加, name: 陈毅出席华中抗大第五分校毕业典礼大会（盐城市）, eventType: 聚集, startDate: 1942-02-07 00:00:00})"
"(:Event {eventId: 2527, predicate: 参加, name: 陈毅出席华中抗大第五分校毕业典礼大会（盐城市）, eventType: 聚集, startDate: 1942-02-07 00:00:00})",[:参与],"(:Person {name: 陈毅, nodeId: agent_person/7993})"
"(:Person {name: 陈毅, nodeId: agent_person/7993})",[:参与],"(:Event {eventId: 2700, predicate: 参加, name: 陈毅参加中苏友好协会成立大会（北京市）, eventType: 会议, startDate: 1949-10-05 00:00:00})"
"(:Event {eventId: 2700, predicate: 参加, name: 陈毅参加中苏友好协会成立大会（北京市）, eventType: 会议, startDate: 1949-10-05 00:00:00})",[:参与],"(:Person {name: 陈毅, nodeId: agent_person/7993})"
"(:Person {name: 陈毅, nodeId: agent_person/7993})",[:参与],"(:Event {eventId: 2889, predicate: 会见, name: 陈毅接见阿尔及利亚政府代表团（北京市）, eventType: 访问, startDate: 1963-09-30 00:00:00})"
"(:Event {eventId: 2889, predicate: 会见, name: 陈毅接见阿尔及利亚政府代表团（北京市）, eventType: 访问, startDate: 1963-09-30 00:00:00})",[:参与],"(:Person {name: 陈毅, nodeId: agent_person/7993})"
"(:Person {name: 陈毅, nodeId: agent_person/7993})",[:参与],"(:Event {eventId: 2906, name: 陈毅和周恩来访问索马里（摩加迪沙市）, eventType: 访问, startDate: 1964-02-01 00:00:00})"
"(:Event {eventId: 2906, name: 陈毅和周恩来访问索马里（摩加迪沙市）, eventType: 访问, startDate: 1964-02-01 00:00:00})",[:参与],"(:Person {name: 陈毅, nodeId: agent_person/7993})"
"(:Person {name: 陈毅, nodeId: agent_person/7993})",[:参与],"(:Event {eventId: 3133, predicate: 会见, name: 周恩来和陈毅拜会阿拉伯联合共和国总统塞纳尔（开罗市）, startDate: 1965-06-20 00:00:00})"
"(:Event {eventId: 3133, predicate: 会见, name: 周恩来和陈毅拜会阿拉伯联合共和国总统塞纳尔（开罗市）, startDate: 1965-06-20 00:00:00})",[:参与],"(:Person {name: 陈毅, nodeId: agent_person/7993})"
"(:Person {name: 陈毅, nodeId: agent_person/7993})",[:参与],"(:Event {eventId: 3191, predicate: 参加, name: 陈毅参加庆祝“五一”晚会（北京市）, eventType: 聚集, startDate: 1969-05-01 00:00:00})"
"(:Event {eventId: 3191, predicate: 参加, name: 陈毅参加庆祝“五一”晚会（北京市）, eventType: 聚集, startDate: 1969-05-01 00:00:00})",[:参与],"(:Person {name: 陈毅, nodeId: agent_person/7993})"
"(:Person {name: 陈毅, nodeId: agent_person/7993})",[:参与],"(:Event {eventId: 3341, name: 陈毅从北京到上海（上海市）, eventType: 移动, startDate: 1957-01-01 00:00:00})"
"(:Event {eventId: 3341, name: 陈毅从北京到上海（上海市）, eventType: 移动, startDate: 1957-01-01 00:00:00})",[:参与],"(:Person {name: 陈毅, nodeId: agent_person/7993})"
"(:Person {name: 陈毅, nodeId: agent_person/7993})",[:参与],"(:Event {eventId: 2288, name: 陈毅陪同周恩来拜会西哈努克亲王（金边）, eventType: 访问, startDate: 1960-05-05 00:00:00})"
"(:Event {eventId: 2288, name: 陈毅陪同周恩来拜会西哈努克亲王（金边）, eventType: 访问, startDate: 1960-05-05 00:00:00})",[:参与],"(:Person {name: 陈毅, nodeId: agent_person/7993})"
"(:Person {name: 陈毅, nodeId: agent_person/7993})",[:参与],"(:Event {eventId: 2509, predicate: 参加, name: 陈毅参加盐城县参议会成立大会开幕式（盐城市）, startDate: 1941-01-01 00:00:00})"
"(:Event {eventId: 2509, predicate: 参加, name: 陈毅参加盐城县参议会成立大会开幕式（盐城市）, startDate: 1941-01-01 00:00:00})",[:参与],"(:Person {name: 陈毅, nodeId: agent_person/7993})"
"(:Person {name: 陈毅, nodeId: agent_person/7993})",[:参与],"(:Event {eventId: 1564, name: 毛泽东等中央领导人和陈毅讨论渡江作战诸问题（西柏坡）, startDate: 1949-01-07 00:00:00})"
"(:Event {eventId: 1564, name: 毛泽东等中央领导人和陈毅讨论渡江作战诸问题（西柏坡）, startDate: 1949-01-07 00:00:00})",[:参与],"(:Person {name: 陈毅, nodeId: agent_person/7993})"
"(:Person {name: 陈毅, nodeId: agent_person/7993})",[:参与],"(:Event {eventId: 2600, predicate: 汇报, name: 陈毅在中央机关干部大会上作报告（北京市）, eventType: 会议, startDate: 1956-01-26 00:00:00})"
"(:Event {eventId: 2600, predicate: 汇报, name: 陈毅在中央机关干部大会上作报告（北京市）, eventType: 会议, startDate: 1956-01-26 00:00:00})",[:参与],"(:Person {name: 陈毅, nodeId: agent_person/7993})"
"(:Person {name: 陈毅, nodeId: agent_person/7993})",[:参与],"(:Event {eventId: 2538, name: 陈毅到达淮南永丰附近（戴楼镇）, eventType: 移动, startDate: 1943-01-01 00:00:00})"
"(:Event {eventId: 2538, name: 陈毅到达淮南永丰附近（戴楼镇）, eventType: 移动, startDate: 1943-01-01 00:00:00})",[:参与],"(:Person {name: 陈毅, nodeId: agent_person/7993})"
"(:Person {name: 陈毅, nodeId: agent_person/7993})",[:参与],"(:Event {eventId: 2508, name: 陈毅同意达赖、班禅不出席群众大会（拉萨市）, startDate: 1956-04-26 00:00:00})"
"(:Event {eventId: 2508, name: 陈毅同意达赖、班禅不出席群众大会（拉萨市）, startDate: 1956-04-26 00:00:00})",[:参与],"(:Person {name: 陈毅, nodeId: agent_person/7993})"
"(:Person {name: 陈毅, nodeId: agent_person/7993})",[:参与],"(:Event {eventId: 2701, name: 陈毅当选为中苏友好协会理事（北京市）, eventType: 任职, startDate: 1949-10-05 00:00:00})"
"(:Event {eventId: 2701, name: 陈毅当选为中苏友好协会理事（北京市）, eventType: 任职, startDate: 1949-10-05 00:00:00})",[:参与],"(:Person {name: 陈毅, nodeId: agent_person/7993})"
"(:Person {name: 陈毅, nodeId: agent_person/7993})",[:参与],"(:Event {eventId: 2976, predicate: 迎接, name: 陈毅欢迎朝鲜代表团访华（北京市）, eventType: 访问, startDate: 1961-07-10 00:00:00})"
"(:Event {eventId: 2976, predicate: 迎接, name: 陈毅欢迎朝鲜代表团访华（北京市）, eventType: 访问, startDate: 1961-07-10 00:00:00})",[:参与],"(:Person {name: 陈毅, nodeId: agent_person/7993})"
"(:Person {name: 陈毅, nodeId: agent_person/7993})",[:参与],"(:Event {eventId: 2508, name: 陈毅同意达赖、班禅不出席群众大会（拉萨市）, startDate: 1956-04-26 00:00:00})"
"(:Event {eventId: 2508, name: 陈毅同意达赖、班禅不出席群众大会（拉萨市）, startDate: 1956-04-26 00:00:00})",[:参与],"(:Person {name: 陈毅, nodeId: agent_person/7993})"
"(:Person {name: 陈毅, nodeId: agent_person/7993})",[:参与],"(:Event {eventId: 2652, name: 陈毅和邓小平等人制定《京沪杭战役实施纲要》（孙家圩）, startDate: 1949-03-31 00:00:00})"
"(:Event {eventId: 2652, name: 陈毅和邓小平等人制定《京沪杭战役实施纲要》（孙家圩）, startDate: 1949-03-31 00:00:00})",[:参与],"(:Person {name: 陈毅, nodeId: agent_person/7993})"
"(:Person {name: 陈毅, nodeId: agent_person/7993})",[:参与],"(:Event {eventId: 2842, name: 陈毅宣布中国政府承认塞浦路斯共和国（北京市）, startDate: 1960-08-15 00:00:00})"
"(:Event {eventId: 2842, name: 陈毅宣布中国政府承认塞浦路斯共和国（北京市）, startDate: 1960-08-15 00:00:00})",[:参与],"(:Person {name: 陈毅, nodeId: agent_person/7993})"
"(:Person {name: 陈毅, nodeId: agent_person/7993})",[:参与],"(:Event {eventId: 3129, predicate: 迎接, name: 陈毅迎接阿尔及利亚代表团（北京市）, startDate: 1965-06-04 00:00:00})"
"(:Event {eventId: 3129, predicate: 迎接, name: 陈毅迎接阿尔及利亚代表团（北京市）, startDate: 1965-06-04 00:00:00})",[:参与],"(:Person {name: 陈毅, nodeId: agent_person/7993})"
"(:Person {name: 陈毅, nodeId: agent_person/7993})",[:参与],"(:Event {eventId: 2665, name: 陈毅与粟裕等联名发布《第三野战军淞沪战役作战命令》（丹阳市）, startDate: 1949-05-10 00:00:00})"
"(:Event {eventId: 2665, name: 陈毅与粟裕等联名发布《第三野战军淞沪战役作战命令》（丹阳市）, startDate: 1949-05-10 00:00:00})",[:参与],"(:Person {name: 陈毅, nodeId: agent_person/7993})"
"(:Person {name: 陈毅, nodeId: agent_person/7993})",[:参与],"(:Event {eventId: 3376, predicate: 会见, name: 周恩来、陈毅陪同毛泽东接见富尔夫妇（北京市）, startDate: 1963-11-02 00:00:00})"
"(:Event {eventId: 3376, predicate: 会见, name: 周恩来、陈毅陪同毛泽东接见富尔夫妇（北京市）, startDate: 1963-11-02 00:00:00})",[:参与],"(:Person {name: 陈毅, nodeId: agent_person/7993})"
"(:Person {name: 陈毅, nodeId: agent_person/7993})",[:参与],"(:Event {eventId: 2764, predicate: 参加, endDate: 1950-06-09 00:00:00, name: 陈毅出席中共七届三中全会（北京市）, eventType: 会议, startDate: 1950-06-06 00:00:00})"
"(:Event {eventId: 2764, predicate: 参加, endDate: 1950-06-09 00:00:00, name: 陈毅出席中共七届三中全会（北京市）, eventType: 会议, startDate: 1950-06-06 00:00:00})",[:参与],"(:Person {name: 陈毅, nodeId: agent_person/7993})"
"(:Person {name: 陈毅, nodeId: agent_person/7993})",[:参与],"(:Event {eventId: 2514, predicate: 参加, name: 陈毅参加苏北文化工作者协会代表大会（盐城市）, eventType: 聚集, startDate: 1941-04-16 00:00:00})"
"(:Event {eventId: 2514, predicate: 参加, name: 陈毅参加苏北文化工作者协会代表大会（盐城市）, eventType: 聚集, startDate: 1941-04-16 00:00:00})",[:参与],"(:Person {name: 陈毅, nodeId: agent_person/7993})"
"(:Person {name: 陈毅, nodeId: agent_person/7993})",[:参与],"(:Event {eventId: 2433, predicate: 创作, name: 陈毅撰写《关于朱、毛争论问题的报告》（上海市）, startDate: 1929-09-01 00:00:00})"
"(:Event {eventId: 2433, predicate: 创作, name: 陈毅撰写《关于朱、毛争论问题的报告》（上海市）, startDate: 1929-09-01 00:00:00})",[:参与],"(:Person {name: 陈毅, nodeId: agent_person/7993})"
"(:Person {name: 陈毅, nodeId: agent_person/7993})",[:参与],"(:Event {eventId: 2303, predicate: 参加, name: 陈毅参加肯尼亚独立庆典（内罗毕）, eventType: 聚集, startDate: 1963-12-12 00:00:00})"
"(:Event {eventId: 2303, predicate: 参加, name: 陈毅参加肯尼亚独立庆典（内罗毕）, eventType: 聚集, startDate: 1963-12-12 00:00:00})",[:参与],"(:Person {name: 陈毅, nodeId: agent_person/7993})"
"(:Person {name: 陈毅, nodeId: agent_person/7993})",[:参与],"(:Event {eventId: 2521, predicate: 创作, name: 陈毅发表《论建军工作》（盐城市）, startDate: 1941-07-10 00:00:00})"
"(:Event {eventId: 2521, predicate: 创作, name: 陈毅发表《论建军工作》（盐城市）, startDate: 1941-07-10 00:00:00})",[:参与],"(:Person {name: 陈毅, nodeId: agent_person/7993})"
"(:Person {name: 陈毅, nodeId: agent_person/7993})",[:参与],"(:Event {eventId: 2956, name: 陈毅任扩大的日内瓦会议中国全权代表（北京市）, eventType: 任职, startDate: 1961-05-08 00:00:00})"
"(:Event {eventId: 2956, name: 陈毅任扩大的日内瓦会议中国全权代表（北京市）, eventType: 任职, startDate: 1961-05-08 00:00:00})",[:参与],"(:Person {name: 陈毅, nodeId: agent_person/7993})"
"(:Person {name: 陈毅, nodeId: agent_person/7993})",[:参与],"(:Event {eventId: 3177, predicate: 会见, name: 陈毅参加接见在京学习毛泽东思想的各单位代表（北京市）, startDate: 1969-01-25 00:00:00})"
"(:Event {eventId: 3177, predicate: 会见, name: 陈毅参加接见在京学习毛泽东思想的各单位代表（北京市）, startDate: 1969-01-25 00:00:00})",[:参与],"(:Person {name: 陈毅, nodeId: agent_person/7993})"
"(:Person {name: 陈毅, nodeId: agent_person/7993})",[:参与],"(:Event {eventId: 3084, name: 陈毅父亲陈家余去世（成都市）, startDate: 1967-12-26 00:00:00})"
"(:Event {eventId: 3084, name: 陈毅父亲陈家余去世（成都市）, startDate: 1967-12-26 00:00:00})",[:参与],"(:Person {name: 陈毅, nodeId: agent_person/7993})"
"(:Person {name: 陈毅, nodeId: agent_person/7993})",[:参与],"(:Event {eventId: 2435, name: 陈毅初识张茜（泾县云岭）, startDate: 1939-03-01 00:00:00})"
"(:Event {eventId: 2435, name: 陈毅初识张茜（泾县云岭）, startDate: 1939-03-01 00:00:00})",[:参与],"(:Person {name: 陈毅, nodeId: agent_person/7993})"
"(:Person {name: 陈毅, nodeId: agent_person/7993})",[:参与],"(:Event {eventId: 2563, predicate: 汇报, name: 陈毅参加山野前方指挥部干部会议（临沂市）, eventType: 会议, startDate: 1946-07-14 00:00:00})"
"(:Event {eventId: 2563, predicate: 汇报, name: 陈毅参加山野前方指挥部干部会议（临沂市）, eventType: 会议, startDate: 1946-07-14 00:00:00})",[:参与],"(:Person {name: 陈毅, nodeId: agent_person/7993})"
"(:Person {name: 陈毅, nodeId: agent_person/7993})",[:参与],"(:Event {eventId: 3085, predicate: 会见, name: 陈毅参加接见在京学习毛泽东思想的各单位代表（北京市）, startDate: 1968-08-15 00:00:00})"
"(:Event {eventId: 3085, predicate: 会见, name: 陈毅参加接见在京学习毛泽东思想的各单位代表（北京市）, startDate: 1968-08-15 00:00:00})",[:参与],"(:Person {name: 陈毅, nodeId: agent_person/7993})"
"(:Person {name: 陈毅, nodeId: agent_person/7993})",[:参与],"(:Event {eventId: 2473, name: 陈毅抵达莫斯科（莫斯科市）, eventType: 访问, startDate: 1954-10-04 00:00:00})"
"(:Event {eventId: 2473, name: 陈毅抵达莫斯科（莫斯科市）, eventType: 访问, startDate: 1954-10-04 00:00:00})",[:参与],"(:Person {name: 陈毅, nodeId: agent_person/7993})"
"(:Person {name: 陈毅, nodeId: agent_person/7993})",[:参与],"(:Event {eventId: 3357, name: 陈毅等人遭到武装警察的镇压与抓捕（里昂）, startDate: 1921-09-21 00:00:00})"
"(:Event {eventId: 3357, name: 陈毅等人遭到武装警察的镇压与抓捕（里昂）, startDate: 1921-09-21 00:00:00})",[:参与],"(:Person {name: 陈毅, nodeId: agent_person/7993})"
"(:Person {name: 陈毅, nodeId: agent_person/7993})",[:参与],"(:Event {eventId: 2411, name: 陈毅获得官费留学资格（成都市）, startDate: 1919})"
"(:Event {eventId: 2411, name: 陈毅获得官费留学资格（成都市）, startDate: 1919})",[:参与],"(:Person {name: 陈毅, nodeId: agent_person/7993})"
"(:Person {name: 陈毅, nodeId: agent_person/7993})",[:参与],"(:Event {eventId: 2439, name: 陈毅当选为中央人民政府委员会委员（北京市）, startDate: 1949-09-30 00:00:00})"
"(:Event {eventId: 2439, name: 陈毅当选为中央人民政府委员会委员（北京市）, startDate: 1949-09-30 00:00:00})",[:参与],"(:Person {name: 陈毅, nodeId: agent_person/7993})"
"(:Person {name: 陈毅, nodeId: agent_person/7993})",[:参与],"(:Event {eventId: 2442, predicate: 参加, name: 陈毅出席亚非会议开幕式（万隆市）, eventType: 会议, startDate: 1955-04-18 00:00:00})"
"(:Event {eventId: 2442, predicate: 参加, name: 陈毅出席亚非会议开幕式（万隆市）, eventType: 会议, startDate: 1955-04-18 00:00:00})",[:参与],"(:Person {name: 陈毅, nodeId: agent_person/7993})"
"(:Person {name: 陈毅, nodeId: agent_person/7993})",[:参与],"(:Event {eventId: 2996, predicate: 迎接, name: 陈毅欢迎缅甸联邦吴努总理访华（北京市）, eventType: 访问, startDate: 1961-10-11 00:00:00})"
"(:Event {eventId: 2996, predicate: 迎接, name: 陈毅欢迎缅甸联邦吴努总理访华（北京市）, eventType: 访问, startDate: 1961-10-11 00:00:00})",[:参与],"(:Person {name: 陈毅, nodeId: agent_person/7993})"
"(:Person {name: 陈毅, nodeId: agent_person/7993})",[:参与],"(:Event {eventId: 3184, name: 陈毅当选为中央委员（北京市）, eventType: 任职, startDate: 1969-04-01 00:00:00})"
"(:Event {eventId: 3184, name: 陈毅当选为中央委员（北京市）, eventType: 任职, startDate: 1969-04-01 00:00:00})",[:参与],"(:Person {name: 陈毅, nodeId: agent_person/7993})"
"(:Person {name: 陈毅, nodeId: agent_person/7993})",[:参与],"(:Event {eventId: 3144, name: 陈毅宣布中国政府承认马尔代夫（北京市）, startDate: 1965-08-02 00:00:00})"
"(:Event {eventId: 3144, name: 陈毅宣布中国政府承认马尔代夫（北京市）, startDate: 1965-08-02 00:00:00})",[:参与],"(:Person {name: 陈毅, nodeId: agent_person/7993})"
"(:Person {name: 陈毅, nodeId: agent_person/7993})",[:参与],"(:Event {eventId: 3361, name: 陈毅被选为中共红四军前敌委员会委员（古田县）, eventType: 任职, startDate: 1929-12-01 00:00:00})"
"(:Event {eventId: 3361, name: 陈毅被选为中共红四军前敌委员会委员（古田县）, eventType: 任职, startDate: 1929-12-01 00:00:00})",[:参与],"(:Person {name: 陈毅, nodeId: agent_person/7993})"
"(:Person {name: 陈毅, nodeId: agent_person/7993})",[:参与],"(:Event {eventId: 2750, name: 陈毅重游杜甫草堂（成都市）, eventType: 移动, startDate: 1959-11-08 00:00:00})"
"(:Event {eventId: 2750, name: 陈毅重游杜甫草堂（成都市）, eventType: 移动, startDate: 1959-11-08 00:00:00})",[:参与],"(:Person {name: 陈毅, nodeId: agent_person/7993})"
"(:Person {name: 陈毅, nodeId: agent_person/7993})",[:参与],"(:Event {eventId: 2869, predicate: 会见, name: 陈毅接见加纳政府友好代表团（广州市）, eventType: 访问, startDate: 1963-01-16 00:00:00})"
"(:Event {eventId: 2869, predicate: 会见, name: 陈毅接见加纳政府友好代表团（广州市）, eventType: 访问, startDate: 1963-01-16 00:00:00})",[:参与],"(:Person {name: 陈毅, nodeId: agent_person/7993})"
"(:Person {name: 陈毅, nodeId: agent_person/7993})",[:参与],"(:Event {eventId: 2878, name: 陈毅陪同刘少奇到达越南访问（河内市）, eventType: 访问, startDate: 1963-05-10 00:00:00})"
"(:Event {eventId: 2878, name: 陈毅陪同刘少奇到达越南访问（河内市）, eventType: 访问, startDate: 1963-05-10 00:00:00})",[:参与],"(:Person {name: 陈毅, nodeId: agent_person/7993})"
"(:Person {name: 陈毅, nodeId: agent_person/7993})",[:参与],"(:Event {eventId: 2973, predicate: 会见, name: 陈毅拜会越南总理范文同（莫斯科市）, startDate: 1961-07-05 00:00:00})"
"(:Event {eventId: 2973, predicate: 会见, name: 陈毅拜会越南总理范文同（莫斯科市）, startDate: 1961-07-05 00:00:00})",[:参与],"(:Person {name: 陈毅, nodeId: agent_person/7993})"
"(:Person {name: 陈毅, nodeId: agent_person/7993})",[:参与],"(:Event {eventId: 3170, predicate: 参加, endDate: 1966-05-26 00:00:00, name: 陈毅参加中共中央政治局扩大会议（北京市）, eventType: 会议, startDate: 1966-05-04 00:00:00})"
"(:Event {eventId: 3170, predicate: 参加, endDate: 1966-05-26 00:00:00, name: 陈毅参加中共中央政治局扩大会议（北京市）, eventType: 会议, startDate: 1966-05-04 00:00:00})",[:参与],"(:Person {name: 陈毅, nodeId: agent_person/7993})"
"(:Person {name: 陈毅, nodeId: agent_person/7993})",[:参与],"(:Event {eventId: 2912, name: 陈毅欢迎老挝王国政府代表团（北京市）, eventType: 访问, startDate: 1964-04-04 00:00:00})"
"(:Event {eventId: 2912, name: 陈毅欢迎老挝王国政府代表团（北京市）, eventType: 访问, startDate: 1964-04-04 00:00:00})",[:参与],"(:Person {name: 陈毅, nodeId: agent_person/7993})"
"(:Person {name: 陈毅, nodeId: agent_person/7993})",[:参与],"(:Event {eventId: 2546, name: 福尔曼采访陈毅（延安市）, startDate: 1944-10-01 00:00:00})"
"(:Event {eventId: 2546, name: 福尔曼采访陈毅（延安市）, startDate: 1944-10-01 00:00:00})",[:参与],"(:Person {name: 陈毅, nodeId: agent_person/7993})"
"(:Person {name: 陈毅, nodeId: agent_person/7993})",[:参与],"(:Event {eventId: 2830, predicate: 会见, name: 陈毅随周恩来拜会蒙古部长会议主席泽登巴尔（乌兰巴托市）, startDate: 1960-05-27 00:00:00})"
"(:Event {eventId: 2830, predicate: 会见, name: 陈毅随周恩来拜会蒙古部长会议主席泽登巴尔（乌兰巴托市）, startDate: 1960-05-27 00:00:00})",[:参与],"(:Person {name: 陈毅, nodeId: agent_person/7993})"
"(:Person {name: 陈毅, nodeId: agent_person/7993})",[:参与],"(:Event {eventId: 2370, name: 朗诺将军陪同陈毅与周恩来从磅湛到暹粒（暹粒）, eventType: 移动, startDate: 1960-05-07 00:00:00})"
"(:Event {eventId: 2370, name: 朗诺将军陪同陈毅与周恩来从磅湛到暹粒（暹粒）, eventType: 移动, startDate: 1960-05-07 00:00:00})",[:参与],"(:Person {name: 陈毅, nodeId: agent_person/7993})"
"(:Person {name: 陈毅, nodeId: agent_person/7993})",[:参与],"(:Event {eventId: 3308, predicate: 联系, name: 陈毅写文章寄给徐志摩（北京市）, startDate: 1926-01-01 00:00:00})"
"(:Event {eventId: 3308, predicate: 联系, name: 陈毅写文章寄给徐志摩（北京市）, startDate: 1926-01-01 00:00:00})",[:参与],"(:Person {name: 陈毅, nodeId: agent_person/7993})"
"(:Person {name: 陈毅, nodeId: agent_person/7993})",[:参与],"(:Event {eventId: 3139, predicate: 迎接, name: 陈毅迎接越南民主共和国国会访华友好代表团（北京市）, startDate: 1965-07-12 00:00:00})"
"(:Event {eventId: 3139, predicate: 迎接, name: 陈毅迎接越南民主共和国国会访华友好代表团（北京市）, startDate: 1965-07-12 00:00:00})",[:参与],"(:Person {name: 陈毅, nodeId: agent_person/7993})"
"(:Person {name: 陈毅, nodeId: agent_person/7993})",[:参与],"(:Event {eventId: 2608, predicate: 参加, endDate: 1957-10-09 00:00:00, name: 陈毅出席中共八届三中全会(扩大)（北京市）, eventType: 会议, startDate: 1957-09-20 00:00:00})"
"(:Event {eventId: 2608, predicate: 参加, endDate: 1957-10-09 00:00:00, name: 陈毅出席中共八届三中全会(扩大)（北京市）, eventType: 会议, startDate: 1957-09-20 00:00:00})",[:参与],"(:Person {name: 陈毅, nodeId: agent_person/7993})"
"(:Person {name: 陈毅, nodeId: agent_person/7993})",[:参与],"(:Event {eventId: 2616, predicate: 参加, name: 陈毅出席新四军第二次政治工作会议（泾县云岭）, eventType: 会议, startDate: 1939-02-07 00:00:00})"
"(:Event {eventId: 2616, predicate: 参加, name: 陈毅出席新四军第二次政治工作会议（泾县云岭）, eventType: 会议, startDate: 1939-02-07 00:00:00})",[:参与],"(:Person {name: 陈毅, nodeId: agent_person/7993})"
"(:Person {name: 陈毅, nodeId: agent_person/7993})",[:参与],"(:Event {eventId: 2988, predicate: 参加, name: 陈毅出席《中国和尼泊尔边界条约》签字仪式（北京市）, startDate: 1961-10-05 00:00:00})"
"(:Event {eventId: 2988, predicate: 参加, name: 陈毅出席《中国和尼泊尔边界条约》签字仪式（北京市）, startDate: 1961-10-05 00:00:00})",[:参与],"(:Person {name: 陈毅, nodeId: agent_person/7993})"
"(:Person {name: 陈毅, nodeId: agent_person/7993})",[:参与],"(:Event {eventId: 2493, predicate: 入学, name: 陈毅入新式学堂读初小（成都市）, startDate: 1910})"
"(:Event {eventId: 2493, predicate: 入学, name: 陈毅入新式学堂读初小（成都市）, startDate: 1910})",[:参与],"(:Person {name: 陈毅, nodeId: agent_person/7993})"
"(:Person {name: 陈毅, nodeId: agent_person/7993})",[:参与],"(:Event {eventId: 3365, predicate: 创作, name: 陈毅创作《青松》（北京市）, startDate: 1960-12-01 00:00:00})"
"(:Event {eventId: 3365, predicate: 创作, name: 陈毅创作《青松》（北京市）, startDate: 1960-12-01 00:00:00})",[:参与],"(:Person {name: 陈毅, nodeId: agent_person/7993})"
"(:Person {name: 陈毅, nodeId: agent_person/7993})",[:参与],"(:Event {eventId: 2872, predicate: 会见, name: 陈毅接见古巴政府经济代表团（上海市）, eventType: 访问, startDate: 1963-02-15 00:00:00})"
"(:Event {eventId: 2872, predicate: 会见, name: 陈毅接见古巴政府经济代表团（上海市）, eventType: 访问, startDate: 1963-02-15 00:00:00})",[:参与],"(:Person {name: 陈毅, nodeId: agent_person/7993})"
"(:Person {name: 陈毅, nodeId: agent_person/7993})",[:参与],"(:Event {eventId: 2643, predicate: 参加, name: 陈毅参加扩大后的中共华东局会议（徐州市）, eventType: 会议, startDate: 1949-02-15 00:00:00})"
"(:Event {eventId: 2643, predicate: 参加, name: 陈毅参加扩大后的中共华东局会议（徐州市）, eventType: 会议, startDate: 1949-02-15 00:00:00})",[:参与],"(:Person {name: 陈毅, nodeId: agent_person/7993})"
"(:Person {name: 陈毅, nodeId: agent_person/7993})",[:参与],"(:Event {eventId: 2284, predicate: 创作, name: 陈毅创作《开国小言》五言诗一组（北京市）, startDate: 1949-10-01 00:00:00})"
"(:Event {eventId: 2284, predicate: 创作, name: 陈毅创作《开国小言》五言诗一组（北京市）, startDate: 1949-10-01 00:00:00})",[:参与],"(:Person {name: 陈毅, nodeId: agent_person/7993})"
"(:Person {name: 陈毅, nodeId: agent_person/7993})",[:参与],"(:Event {eventId: 2523, predicate: 创作, name: 陈毅发表《四年抗战与新四军现状》（盐城市）, startDate: 1941-08-25 00:00:00})"
"(:Event {eventId: 2523, predicate: 创作, name: 陈毅发表《四年抗战与新四军现状》（盐城市）, startDate: 1941-08-25 00:00:00})",[:参与],"(:Person {name: 陈毅, nodeId: agent_person/7993})"
"(:Person {name: 陈毅, nodeId: agent_person/7993})",[:参与],"(:Event {eventId: 3335, name: 李明杨、李长江和陈泰运向陈毅保证不参与韩德勤对新四军的进攻（姜堰区）, startDate: 1940-09-01 00:00:00})"
"(:Event {eventId: 3335, name: 李明杨、李长江和陈泰运向陈毅保证不参与韩德勤对新四军的进攻（姜堰区）, startDate: 1940-09-01 00:00:00})",[:参与],"(:Person {name: 陈毅, nodeId: agent_person/7993})"
"(:Person {name: 陈毅, nodeId: agent_person/7993})",[:参与],"(:Event {eventId: 3117, endDate: 1965-04-10 00:00:00, name: 陈毅与阿拉伯联合共和国总统外交事务顾问萨布里会谈（北京市）, startDate: 1965-04-07 00:00:00})"
"(:Event {eventId: 3117, endDate: 1965-04-10 00:00:00, name: 陈毅与阿拉伯联合共和国总统外交事务顾问萨布里会谈（北京市）, startDate: 1965-04-07 00:00:00})",[:参与],"(:Person {name: 陈毅, nodeId: agent_person/7993})"
"(:Person {name: 陈毅, nodeId: agent_person/7993})",[:参与],"(:Event {eventId: 3112, name: 陈毅签署中国和阿富汗边界议定书、文化合作协定以及经济技术合作协定（喀布尔市）, startDate: 1965-03-24 00:00:00})"
"(:Event {eventId: 3112, name: 陈毅签署中国和阿富汗边界议定书、文化合作协定以及经济技术合作协定（喀布尔市）, startDate: 1965-03-24 00:00:00})",[:参与],"(:Person {name: 陈毅, nodeId: agent_person/7993})"
"(:Person {name: 陈毅, nodeId: agent_person/7993})",[:参与],"(:Event {eventId: 1056, name: 陈毅、项英等发表“八八宣言”（南雄市）, startDate: 1937-08-08 00:00:00})"
"(:Event {eventId: 1056, name: 陈毅、项英等发表“八八宣言”（南雄市）, startDate: 1937-08-08 00:00:00})",[:参与],"(:Person {name: 陈毅, nodeId: agent_person/7993})"
"(:Person {name: 陈毅, nodeId: agent_person/7993})",[:参与],"(:Event {eventId: 2728, predicate: 汇报, name: 陈毅作关于各民主党派人士自我改造问题的报告（北京市）, eventType: 会议, startDate: 1958-03-28 00:00:00})"
"(:Event {eventId: 2728, predicate: 汇报, name: 陈毅作关于各民主党派人士自我改造问题的报告（北京市）, eventType: 会议, startDate: 1958-03-28 00:00:00})",[:参与],"(:Person {name: 陈毅, nodeId: agent_person/7993})"
"(:Person {name: 陈毅, nodeId: agent_person/7993})",[:参与],"(:Event {eventId: 2722, predicate: 参加, name: 陈毅出席第一届全国人民代表大会第五次会议（北京市）, eventType: 会议, startDate: 1958-02-02 00:00:00})"
"(:Event {eventId: 2722, predicate: 参加, name: 陈毅出席第一届全国人民代表大会第五次会议（北京市）, eventType: 会议, startDate: 1958-02-02 00:00:00})",[:参与],"(:Person {name: 陈毅, nodeId: agent_person/7993})"
"(:Person {name: 陈毅, nodeId: agent_person/7993})",[:参与],"(:Event {eventId: 3007, predicate: 会见, name: 保加利亚新任驻华大使格奥尔基·库姆比利耶夫拜会陈毅（北京市）, startDate: 1962-06-11 00:00:00})"
"(:Event {eventId: 3007, predicate: 会见, name: 保加利亚新任驻华大使格奥尔基·库姆比利耶夫拜会陈毅（北京市）, startDate: 1962-06-11 00:00:00})",[:参与],"(:Person {name: 陈毅, nodeId: agent_person/7993})"
"(:Person {name: 陈毅, nodeId: agent_person/7993})",[:参与],"(:Event {eventId: 3125, predicate: 参加, name: 陈毅出席纪念万隆会议10周年的仪式（雅加达）, startDate: 1965-04-18 00:00:00})"
"(:Event {eventId: 3125, predicate: 参加, name: 陈毅出席纪念万隆会议10周年的仪式（雅加达）, startDate: 1965-04-18 00:00:00})",[:参与],"(:Person {name: 陈毅, nodeId: agent_person/7993})"
"(:Person {name: 陈毅, nodeId: agent_person/7993})",[:参与],"(:Event {eventId: 2390, name: 陈毅和周恩来访问拉瓦尔品第（拉瓦尔品第）, eventType: 访问, startDate: 1964-02-20 00:00:00})"
"(:Event {eventId: 2390, name: 陈毅和周恩来访问拉瓦尔品第（拉瓦尔品第）, eventType: 访问, startDate: 1964-02-20 00:00:00})",[:参与],"(:Person {name: 陈毅, nodeId: agent_person/7993})"
"(:Person {name: 陈毅, nodeId: agent_person/7993})",[:参与],"(:Event {eventId: 2640, predicate: 召开, endDate: 1949-01-31 00:00:00, name: 陈毅和邓小平召开中原野战军高干会议（商丘市）, eventType: 会议, startDate: 1949-01-29 00:00:00})"
"(:Event {eventId: 2640, predicate: 召开, endDate: 1949-01-31 00:00:00, name: 陈毅和邓小平召开中原野战军高干会议（商丘市）, eventType: 会议, startDate: 1949-01-29 00:00:00})",[:参与],"(:Person {name: 陈毅, nodeId: agent_person/7993})"
"(:Person {name: 陈毅, nodeId: agent_person/7993})",[:参与],"(:Event {eventId: 2919, predicate: 迎接, name: 陈毅欢迎委内瑞拉共产党中央代表团（北京市）, eventType: 访问, startDate: 1964-08-16 00:00:00})"
"(:Event {eventId: 2919, predicate: 迎接, name: 陈毅欢迎委内瑞拉共产党中央代表团（北京市）, eventType: 访问, startDate: 1964-08-16 00:00:00})",[:参与],"(:Person {name: 陈毅, nodeId: agent_person/7993})"
"(:Person {name: 陈毅, nodeId: agent_person/7993})",[:参与],"(:Event {eventId: 3093, predicate: 会见, name: 陈毅陪同毛泽东和林彪接见比斯塔等人（北京市）, startDate: 1968-05-28 00:00:00})"
"(:Event {eventId: 3093, predicate: 会见, name: 陈毅陪同毛泽东和林彪接见比斯塔等人（北京市）, startDate: 1968-05-28 00:00:00})",[:参与],"(:Person {name: 陈毅, nodeId: agent_person/7993})"
"(:Person {name: 陈毅, nodeId: agent_person/7993})",[:参与],"(:Event {eventId: 3105, name: 陈毅到机场欢迎巴基斯坦总统穆罕默德·尤阿布·汗元帅（北京市）, startDate: 1965-03-03 00:00:00})"
"(:Event {eventId: 3105, name: 陈毅到机场欢迎巴基斯坦总统穆罕默德·尤阿布·汗元帅（北京市）, startDate: 1965-03-03 00:00:00})",[:参与],"(:Person {name: 陈毅, nodeId: agent_person/7993})"
"(:Person {name: 陈毅, nodeId: agent_person/7993})",[:参与],"(:Event {eventId: 2383, name: 陈毅与周恩来访问蒲甘（蒲甘）, eventType: 访问, startDate: 1961-01-08 00:00:00})"
"(:Event {eventId: 2383, name: 陈毅与周恩来访问蒲甘（蒲甘）, eventType: 访问, startDate: 1961-01-08 00:00:00})",[:参与],"(:Person {name: 陈毅, nodeId: agent_person/7993})"
"(:Person {name: 陈毅, nodeId: agent_person/7993})",[:参与],"(:Event {eventId: 3127, predicate: 会见, name: 陈毅参加周恩来与苏班德里约的会谈（广州市）, startDate: 1965-05-28 00:00:00})"
"(:Event {eventId: 3127, predicate: 会见, name: 陈毅参加周恩来与苏班德里约的会谈（广州市）, startDate: 1965-05-28 00:00:00})",[:参与],"(:Person {name: 陈毅, nodeId: agent_person/7993})"
"(:Person {name: 陈毅, nodeId: agent_person/7993})",[:参与],"(:Event {eventId: 2338, predicate: 参加, name: 陈毅出席德意志民主共和国成立5周年国庆典礼（柏林市）, eventType: 聚集, startDate: 1954-10-06 00:00:00})"
"(:Event {eventId: 2338, predicate: 参加, name: 陈毅出席德意志民主共和国成立5周年国庆典礼（柏林市）, eventType: 聚集, startDate: 1954-10-06 00:00:00})",[:参与],"(:Person {name: 陈毅, nodeId: agent_person/7993})"